county,precinct,office,candidate,votes,election_day,mi,pr
Perry,BLAIN BOROUGH,President,,BIDEN/HARRIS,23,21,2,0
Perry,BLAIN BOROUGH,President,,TRUMP/PENCE,97,96,0,1
Perry,BLAIN BOROUGH,President,,JORGENSEN/COHEN,2,2,0,0
Perry,BLAIN BOROUGH,President,,PRESIDENT WRITE-IN,0,0,0,0
Perry,BLAIN BOROUGH,President,,Total,122,119,2,1
Perry,BLAIN BOROUGH,Attorney General,,JOSH SHAPIRO,24,22,2,0
Perry,BLAIN BOROUGH,Attorney General,,HEATHER HEIDELBAUGH,95,94,0,1
Perry,BLAIN BOROUGH,Attorney General,,DANIEL WASSMER,2,2,0,0
Perry,BLAIN BOROUGH,Attorney General,,RICHARD L WEISS,0,0,0,0
Perry,BLAIN BOROUGH,Attorney General,,ATTORNEY GENERAL WRITE-IN,0,0,0,0
Perry,BLAIN BOROUGH,Attorney General,,Total,121,118,2,1
Perry,BLAIN BOROUGH,Auditor General,,NINA AHMAD,20,18,2,0
Perry,BLAIN BOROUGH,Auditor General,,TIMOTHY DEFOOR,96,95,0,1
Perry,BLAIN BOROUGH,Auditor General,,JENNIFER MOORE,3,3,0,0
Perry,BLAIN BOROUGH,Auditor General,,OLIVIA FAISON,0,0,0,0
Perry,BLAIN BOROUGH,Auditor General,,AUDITOR GENERAL WRITE-IN,0,0,0,0
Perry,BLAIN BOROUGH,Auditor General,,Total,119,116,2,1
Perry,BLAIN BOROUGH,State Treasurer,,JOE TORSELLA,20,18,2,0
Perry,BLAIN BOROUGH,State Treasurer,,STACY L GARRITY,97,96,0,1
Perry,BLAIN BOROUGH,State Treasurer,,JOE SOLOSKI,1,1,0,0
Perry,BLAIN BOROUGH,State Treasurer,,TIMOTHY RUNKLE,1,1,0,0
Perry,BLAIN BOROUGH,State Treasurer,,STATE TREASURER WRITE-IN,0,0,0,0
Perry,BLAIN BOROUGH,State Treasurer,,Total,119,116,2,1
Perry,BLAIN BOROUGH,Congress,12,LEE GRIFFIN,20,18,2,0
Perry,BLAIN BOROUGH,Congress,12,FRED KELLER,100,99,0,1
Perry,BLAIN BOROUGH,Congress,12,12TH CONGRESSIONAL WRITE-IN,0,0,0,0
Perry,BLAIN BOROUGH,Congress,12,Total,120,117,2,1
Perry,BLAIN BOROUGH,PA Senator,15,GEORGE SCOTT,25,23,2,0
Perry,BLAIN BOROUGH,PA Senator,15,JOHN DISANTO,95,94,0,1
Perry,BLAIN BOROUGH,PA Senator,15,15TH SENATORIAL WRITE-IN,0,0,0,0
Perry,BLAIN BOROUGH,PA Senator,15,Total,120,117,2,1
Perry,BLAIN BOROUGH,PA Rep,86,PERRY STAMBAUGH,111,109,1,1
Perry,BLAIN BOROUGH,PA Rep,86,86TH LEGISLATIVE WRITE-IN,0,0,0,0
Perry,BLAIN BOROUGH,PA Rep,86,Total,111,109,1,1
Perry,BLOOMFIELD BOROUGH,President,,BIDEN/HARRIS,166,91,72,3
Perry,BLOOMFIELD BOROUGH,President,,TRUMP/PENCE,352,301,50,1
Perry,BLOOMFIELD BOROUGH,President,,JORGENSEN/COHEN,7,6,1,0
Perry,BLOOMFIELD BOROUGH,President,,PRESIDENT WRITE-IN,7,3,4,0
Perry,BLOOMFIELD BOROUGH,President,,Total,532,401,127,4
Perry,BLOOMFIELD BOROUGH,Attorney General,,JOSH SHAPIRO,172,99,70,3
Perry,BLOOMFIELD BOROUGH,Attorney General,,HEATHER HEIDELBAUGH,330,280,49,1
Perry,BLOOMFIELD BOROUGH,Attorney General,,DANIEL WASSMER,13,10,3,0
Perry,BLOOMFIELD BOROUGH,Attorney General,,RICHARD L WEISS,9,6,3,0
Perry,BLOOMFIELD BOROUGH,Attorney General,,ATTORNEY GENERAL WRITE-IN,0,0,0,0
Perry,BLOOMFIELD BOROUGH,Attorney General,,Total,524,395,125,4
Perry,BLOOMFIELD BOROUGH,Auditor General,,NINA AHMAD,142,77,62,3
Perry,BLOOMFIELD BOROUGH,Auditor General,,TIMOTHY DEFOOR,353,297,55,1
Perry,BLOOMFIELD BOROUGH,Auditor General,,JENNIFER MOORE,17,15,2,0
Perry,BLOOMFIELD BOROUGH,Auditor General,,OLIVIA FAISON,7,3,4,0
Perry,BLOOMFIELD BOROUGH,Auditor General,,AUDITOR GENERAL WRITE-IN,0,0,0,0
Perry,BLOOMFIELD BOROUGH,Auditor General,,Total,519,392,123,4
Perry,BLOOMFIELD BOROUGH,State Treasurer,,JOE TORSELLA,150,82,65,3
Perry,BLOOMFIELD BOROUGH,State Treasurer,,STACY L GARRITY,345,293,51,1
Perry,BLOOMFIELD BOROUGH,State Treasurer,,JOE SOLOSKI,11,9,2,0
Perry,BLOOMFIELD BOROUGH,State Treasurer,,TIMOTHY RUNKLE,11,6,5,0
Perry,BLOOMFIELD BOROUGH,State Treasurer,,STATE TREASURER WRITE-IN,0,0,0,0
Perry,BLOOMFIELD BOROUGH,State Treasurer,,Total,517,390,123,4
Perry,BLOOMFIELD BOROUGH,Congress,12,LEE GRIFFIN,139,75,61,3
Perry,BLOOMFIELD BOROUGH,Congress,12,FRED KELLER,385,321,63,1
Perry,BLOOMFIELD BOROUGH,Congress,12,12TH CONGRESSIONAL WRITE-IN,0,0,0,0
Perry,BLOOMFIELD BOROUGH,Congress,12,Total,524,396,124,4
Perry,BLOOMFIELD BOROUGH,PA Senator,15,GEORGE SCOTT,171,91,77,3
Perry,BLOOMFIELD BOROUGH,PA Senator,15,JOHN DISANTO,353,305,47,1
Perry,BLOOMFIELD BOROUGH,PA Senator,15,15TH SENATORIAL WRITE-IN,0,0,0,0
Perry,BLOOMFIELD BOROUGH,PA Senator,15,Total,524,396,124,4
Perry,BLOOMFIELD BOROUGH,PA Rep,86,PERRY STAMBAUGH,451,366,82,3
Perry,BLOOMFIELD BOROUGH,PA Rep,86,86TH LEGISLATIVE WRITE-IN,18,6,11,1
Perry,BLOOMFIELD BOROUGH,PA Rep,86,Total,469,372,93,4
Perry,BUFFALO TOWNSHIP,President,,BIDEN/HARRIS,153,76,75,2
Perry,BUFFALO TOWNSHIP,President,,TRUMP/PENCE,562,487,69,6
Perry,BUFFALO TOWNSHIP,President,,JORGENSEN/COHEN,12,10,1,1
Perry,BUFFALO TOWNSHIP,President,,PRESIDENT WRITE-IN,6,6,0,0
Perry,BUFFALO TOWNSHIP,President,,Total,733,579,145,9
Perry,BUFFALO TOWNSHIP,Attorney General,,JOSH SHAPIRO,164,87,76,1
Perry,BUFFALO TOWNSHIP,Attorney General,,HEATHER HEIDELBAUGH,537,465,65,7
Perry,BUFFALO TOWNSHIP,Attorney General,,DANIEL WASSMER,21,20,1,0
Perry,BUFFALO TOWNSHIP,Attorney General,,RICHARD L WEISS,5,2,2,1
Perry,BUFFALO TOWNSHIP,Attorney General,,ATTORNEY GENERAL WRITE-IN,0,0,0,0
Perry,BUFFALO TOWNSHIP,Attorney General,,Total,727,574,144,9
Perry,BUFFALO TOWNSHIP,Auditor General,,NINA AHMAD,123,62,60,1
Perry,BUFFALO TOWNSHIP,Auditor General,,TIMOTHY DEFOOR,549,468,75,6
Perry,BUFFALO TOWNSHIP,Auditor General,,JENNIFER MOORE,35,28,6,1
Perry,BUFFALO TOWNSHIP,Auditor General,,OLIVIA FAISON,10,7,2,1
Perry,BUFFALO TOWNSHIP,Auditor General,,AUDITOR GENERAL WRITE-IN,0,0,0,0
Perry,BUFFALO TOWNSHIP,Auditor General,,Total,717,565,143,9
Perry,BUFFALO TOWNSHIP,State Treasurer,,JOE TORSELLA,131,67,62,2
Perry,BUFFALO TOWNSHIP,State Treasurer,,STACY L GARRITY,555,476,73,6
Perry,BUFFALO TOWNSHIP,State Treasurer,,JOE SOLOSKI,25,21,4,0
Perry,BUFFALO TOWNSHIP,State Treasurer,,TIMOTHY RUNKLE,9,4,4,1
Perry,BUFFALO TOWNSHIP,State Treasurer,,STATE TREASURER WRITE-IN,1,1,0,0
Perry,BUFFALO TOWNSHIP,State Treasurer,,Total,721,569,143,9
Perry,BUFFALO TOWNSHIP,Congress,12,LEE GRIFFIN,127,63,60,4
Perry,BUFFALO TOWNSHIP,Congress,12,FRED KELLER,593,506,82,5
Perry,BUFFALO TOWNSHIP,Congress,12,12TH CONGRESSIONAL WRITE-IN,1,1,0,0
Perry,BUFFALO TOWNSHIP,Congress,12,Total,721,570,142,9
Perry,BUFFALO TOWNSHIP,PA Senator,15,GEORGE SCOTT,161,89,71,1
Perry,BUFFALO TOWNSHIP,PA Senator,15,JOHN DISANTO,559,480,71,8
Perry,BUFFALO TOWNSHIP,PA Senator,15,15TH SENATORIAL WRITE-IN,3,2,1,0
Perry,BUFFALO TOWNSHIP,PA Senator,15,Total,723,571,143,9
Perry,BUFFALO TOWNSHIP,PA Rep,86,PERRY STAMBAUGH,651,539,104,8
Perry,BUFFALO TOWNSHIP,PA Rep,86,86TH LEGISLATIVE WRITE-IN,18,7,11,0
Perry,BUFFALO TOWNSHIP,PA Rep,86,Total,669,546,115,8
Perry,CARROLL TOWNSHIP,President,,BIDEN/HARRIS,648,299,343,6
Perry,CARROLL TOWNSHIP,President,,TRUMP/PENCE,2260,1952,281,27
Perry,CARROLL TOWNSHIP,President,,JORGENSEN/COHEN,59,44,13,2
Perry,CARROLL TOWNSHIP,President,,PRESIDENT WRITE-IN,11,6,5,0
Perry,CARROLL TOWNSHIP,President,,Total,2978,2301,642,35
Perry,CARROLL TOWNSHIP,Attorney General,,JOSH SHAPIRO,707,362,337,8
Perry,CARROLL TOWNSHIP,Attorney General,,HEATHER HEIDELBAUGH,2142,1852,266,24
Perry,CARROLL TOWNSHIP,Attorney General,,DANIEL WASSMER,69,49,19,1
Perry,CARROLL TOWNSHIP,Attorney General,,RICHARD L WEISS,25,16,9,0
Perry,CARROLL TOWNSHIP,Attorney General,,ATTORNEY GENERAL WRITE-IN,2,1,1,0
Perry,CARROLL TOWNSHIP,Attorney General,,Total,2945,2280,632,33
Perry,CARROLL TOWNSHIP,Auditor General,,NINA AHMAD,548,254,286,8
Perry,CARROLL TOWNSHIP,Auditor General,,TIMOTHY DEFOOR,2239,1916,298,25
Perry,CARROLL TOWNSHIP,Auditor General,,JENNIFER MOORE,107,85,21,1
Perry,CARROLL TOWNSHIP,Auditor General,,OLIVIA FAISON,32,16,16,0
Perry,CARROLL TOWNSHIP,Auditor General,,AUDITOR GENERAL WRITE-IN,4,2,2,0
Perry,CARROLL TOWNSHIP,Auditor General,,Total,2930,2273,623,34
Perry,CARROLL TOWNSHIP,State Treasurer,,JOE TORSELLA,599,289,305,5
Perry,CARROLL TOWNSHIP,State Treasurer,,STACY L GARRITY,2221,1907,289,25
Perry,CARROLL TOWNSHIP,State Treasurer,,JOE SOLOSKI,79,60,16,3
Perry,CARROLL TOWNSHIP,State Treasurer,,TIMOTHY RUNKLE,30,18,12,0
Perry,CARROLL TOWNSHIP,State Treasurer,,STATE TREASURER WRITE-IN,2,1,1,0
Perry,CARROLL TOWNSHIP,State Treasurer,,Total,2931,2275,623,33
Perry,CARROLL TOWNSHIP,Congress,12,LEE GRIFFIN,552,251,295,6
Perry,CARROLL TOWNSHIP,Congress,12,FRED KELLER,2372,2015,330,27
Perry,CARROLL TOWNSHIP,Congress,12,12TH CONGRESSIONAL WRITE-IN,11,6,5,0
Perry,CARROLL TOWNSHIP,Congress,12,Total,2935,2272,630,33
Perry,CARROLL TOWNSHIP,PA Senator,15,GEORGE SCOTT,658,332,314,12
Perry,CARROLL TOWNSHIP,PA Senator,15,JOHN DISANTO,2269,1936,310,23
Perry,CARROLL TOWNSHIP,PA Senator,15,15TH SENATORIAL WRITE-IN,10,6,4,0
Perry,CARROLL TOWNSHIP,PA Senator,15,Total,2937,2274,628,35
Perry,CARROLL TOWNSHIP,PA Rep,86,PERRY STAMBAUGH,2615,2133,451,31
Perry,CARROLL TOWNSHIP,PA Rep,86,86TH LEGISLATIVE WRITE-IN,89,40,49,0
Perry,CARROLL TOWNSHIP,PA Rep,86,Total,2704,2173,500,31
Perry,CENTRE TOWNSHIP,President,,BIDEN/HARRIS,309,145,162,2
Perry,CENTRE TOWNSHIP,President,,TRUMP/PENCE,1048,871,166,11
Perry,CENTRE TOWNSHIP,President,,JORGENSEN/COHEN,27,20,7,0
Perry,CENTRE TOWNSHIP,President,,PRESIDENT WRITE-IN,2,1,1,0
Perry,CENTRE TOWNSHIP,President,,Total,1386,1037,336,13
Perry,CENTRE TOWNSHIP,Attorney General,,JOSH SHAPIRO,322,161,157,4
Perry,CENTRE TOWNSHIP,Attorney General,,HEATHER HEIDELBAUGH,1008,838,163,7
Perry,CENTRE TOWNSHIP,Attorney General,,DANIEL WASSMER,28,21,6,1
Perry,CENTRE TOWNSHIP,Attorney General,,RICHARD L WEISS,11,6,4,1
Perry,CENTRE TOWNSHIP,Attorney General,,ATTORNEY GENERAL WRITE-IN,0,0,0,0
Perry,CENTRE TOWNSHIP,Attorney General,,Total,1369,1026,330,13
Perry,CENTRE TOWNSHIP,Auditor General,,NINA AHMAD,262,123,137,2
Perry,CENTRE TOWNSHIP,Auditor General,,TIMOTHY DEFOOR,1027,849,170,8
Perry,CENTRE TOWNSHIP,Auditor General,,JENNIFER MOORE,56,41,12,3
Perry,CENTRE TOWNSHIP,Auditor General,,OLIVIA FAISON,13,8,5,0
Perry,CENTRE TOWNSHIP,Auditor General,,AUDITOR GENERAL WRITE-IN,0,0,0,0
Perry,CENTRE TOWNSHIP,Auditor General,,Total,1358,1021,324,13
Perry,CENTRE TOWNSHIP,State Treasurer,,JOE TORSELLA,287,138,147,2
Perry,CENTRE TOWNSHIP,State Treasurer,,STACY L GARRITY,1016,845,163,8
Perry,CENTRE TOWNSHIP,State Treasurer,,JOE SOLOSKI,40,27,11,2
Perry,CENTRE TOWNSHIP,State Treasurer,,TIMOTHY RUNKLE,17,10,6,1
Perry,CENTRE TOWNSHIP,State Treasurer,,STATE TREASURER WRITE-IN,0,0,0,0
Perry,CENTRE TOWNSHIP,State Treasurer,,Total,1360,1020,327,13
Perry,CENTRE TOWNSHIP,Congress,12,LEE GRIFFIN,273,125,145,3
Perry,CENTRE TOWNSHIP,Congress,12,FRED KELLER,1082,892,180,10
Perry,CENTRE TOWNSHIP,Congress,12,12TH CONGRESSIONAL WRITE-IN,3,3,0,0
Perry,CENTRE TOWNSHIP,Congress,12,Total,1358,1020,325,13
Perry,CENTRE TOWNSHIP,PA Senator,15,GEORGE SCOTT,313,154,155,4
Perry,CENTRE TOWNSHIP,PA Senator,15,JOHN DISANTO,1059,875,175,9
Perry,CENTRE TOWNSHIP,PA Senator,15,15TH SENATORIAL WRITE-IN,0,0,0,0
Perry,CENTRE TOWNSHIP,PA Senator,15,Total,1372,1029,330,13
Perry,CENTRE TOWNSHIP,PA Rep,86,PERRY STAMBAUGH,1216,950,255,11
Perry,CENTRE TOWNSHIP,PA Rep,86,86TH LEGISLATIVE WRITE-IN,42,21,20,1
Perry,CENTRE TOWNSHIP,PA Rep,86,Total,1258,971,275,12
Perry,DUNCANNON BOROUGH,President,,BIDEN/HARRIS,248,144,104,0
Perry,DUNCANNON BOROUGH,President,,TRUMP/PENCE,465,410,48,7
Perry,DUNCANNON BOROUGH,President,,JORGENSEN/COHEN,21,18,2,1
Perry,DUNCANNON BOROUGH,President,,PRESIDENT WRITE-IN,0,0,0,0
Perry,DUNCANNON BOROUGH,President,,Total,734,572,154,8
Perry,DUNCANNON BOROUGH,Attorney General,,JOSH SHAPIRO,262,152,110,0
Perry,DUNCANNON BOROUGH,Attorney General,,HEATHER HEIDELBAUGH,423,377,38,8
Perry,DUNCANNON BOROUGH,Attorney General,,DANIEL WASSMER,27,23,4,0
Perry,DUNCANNON BOROUGH,Attorney General,,RICHARD L WEISS,15,14,1,0
Perry,DUNCANNON BOROUGH,Attorney General,,ATTORNEY GENERAL WRITE-IN,1,1,0,0
Perry,DUNCANNON BOROUGH,Attorney General,,Total,728,567,153,8
Perry,DUNCANNON BOROUGH,Auditor General,,NINA AHMAD,219,119,100,0
Perry,DUNCANNON BOROUGH,Auditor General,,TIMOTHY DEFOOR,450,399,43,8
Perry,DUNCANNON BOROUGH,Auditor General,,JENNIFER MOORE,39,36,3,0
Perry,DUNCANNON BOROUGH,Auditor General,,OLIVIA FAISON,11,8,3,0
Perry,DUNCANNON BOROUGH,Auditor General,,AUDITOR GENERAL WRITE-IN,0,0,0,0
Perry,DUNCANNON BOROUGH,Auditor General,,Total,719,562,149,8
Perry,DUNCANNON BOROUGH,State Treasurer,,JOE TORSELLA,226,131,95,0
Perry,DUNCANNON BOROUGH,State Treasurer,,STACY L GARRITY,447,394,45,8
Perry,DUNCANNON BOROUGH,State Treasurer,,JOE SOLOSKI,33,30,3,0
Perry,DUNCANNON BOROUGH,State Treasurer,,TIMOTHY RUNKLE,13,9,4,0
Perry,DUNCANNON BOROUGH,State Treasurer,,STATE TREASURER WRITE-IN,0,0,0,0
Perry,DUNCANNON BOROUGH,State Treasurer,,Total,719,564,147,8
Perry,DUNCANNON BOROUGH,Congress,12,LEE GRIFFIN,238,139,99,0
Perry,DUNCANNON BOROUGH,Congress,12,FRED KELLER,484,426,50,8
Perry,DUNCANNON BOROUGH,Congress,12,12TH CONGRESSIONAL WRITE-IN,1,1,0,0
Perry,DUNCANNON BOROUGH,Congress,12,Total,723,566,149,8
Perry,DUNCANNON BOROUGH,PA Senator,15,GEORGE SCOTT,263,159,104,0
Perry,DUNCANNON BOROUGH,PA Senator,15,JOHN DISANTO,461,405,48,8
Perry,DUNCANNON BOROUGH,PA Senator,15,15TH SENATORIAL WRITE-IN,0,0,0,0
Perry,DUNCANNON BOROUGH,PA Senator,15,Total,724,564,152,8
Perry,DUNCANNON BOROUGH,PA Rep,86,PERRY STAMBAUGH,601,497,96,8
Perry,DUNCANNON BOROUGH,PA Rep,86,86TH LEGISLATIVE WRITE-IN,28,17,11,0
Perry,DUNCANNON BOROUGH,PA Rep,86,Total,629,514,107,8
Perry,GREENWOOD TOWNSHIP,President,,BIDEN/HARRIS,167,95,72,0
Perry,GREENWOOD TOWNSHIP,President,,TRUMP/PENCE,469,391,71,7
Perry,GREENWOOD TOWNSHIP,President,,JORGENSEN/COHEN,7,6,1,0
Perry,GREENWOOD TOWNSHIP,President,,PRESIDENT WRITE-IN,3,1,2,0
Perry,GREENWOOD TOWNSHIP,President,,Total,646,493,146,7
Perry,GREENWOOD TOWNSHIP,Attorney General,,JOSH SHAPIRO,183,112,69,2
Perry,GREENWOOD TOWNSHIP,Attorney General,,HEATHER HEIDELBAUGH,443,366,72,5
Perry,GREENWOOD TOWNSHIP,Attorney General,,DANIEL WASSMER,9,8,1,0
Perry,GREENWOOD TOWNSHIP,Attorney General,,RICHARD L WEISS,1,0,1,0
Perry,GREENWOOD TOWNSHIP,Attorney General,,ATTORNEY GENERAL WRITE-IN,1,0,1,0
Perry,GREENWOOD TOWNSHIP,Attorney General,,Total,637,486,144,7
Perry,GREENWOOD TOWNSHIP,Auditor General,,NINA AHMAD,138,80,58,0
Perry,GREENWOOD TOWNSHIP,Auditor General,,TIMOTHY DEFOOR,477,388,82,7
Perry,GREENWOOD TOWNSHIP,Auditor General,,JENNIFER MOORE,15,13,2,0
Perry,GREENWOOD TOWNSHIP,Auditor General,,OLIVIA FAISON,5,4,1,0
Perry,GREENWOOD TOWNSHIP,Auditor General,,AUDITOR GENERAL WRITE-IN,1,0,1,0
Perry,GREENWOOD TOWNSHIP,Auditor General,,Total,636,485,144,7
Perry,GREENWOOD TOWNSHIP,State Treasurer,,JOE TORSELLA,157,90,66,1
Perry,GREENWOOD TOWNSHIP,State Treasurer,,STACY L GARRITY,458,377,75,6
Perry,GREENWOOD TOWNSHIP,State Treasurer,,JOE SOLOSKI,14,13,1,0
Perry,GREENWOOD TOWNSHIP,State Treasurer,,TIMOTHY RUNKLE,4,3,1,0
Perry,GREENWOOD TOWNSHIP,State Treasurer,,STATE TREASURER WRITE-IN,1,0,1,0
Perry,GREENWOOD TOWNSHIP,State Treasurer,,Total,634,483,144,7
Perry,GREENWOOD TOWNSHIP,Congress,12,LEE GRIFFIN,136,76,59,1
Perry,GREENWOOD TOWNSHIP,Congress,12,FRED KELLER,500,409,85,6
Perry,GREENWOOD TOWNSHIP,Congress,12,12TH CONGRESSIONAL WRITE-IN,1,0,1,0
Perry,GREENWOOD TOWNSHIP,Congress,12,Total,637,485,145,7
Perry,GREENWOOD TOWNSHIP,PA Senator,15,GEORGE SCOTT,154,92,60,2
Perry,GREENWOOD TOWNSHIP,PA Senator,15,JOHN DISANTO,484,396,83,5
Perry,GREENWOOD TOWNSHIP,PA Senator,15,15TH SENATORIAL WRITE-IN,1,0,1,0
Perry,GREENWOOD TOWNSHIP,PA Senator,15,Total,639,488,144,7
Perry,GREENWOOD TOWNSHIP,PA Rep,86,PERRY STAMBAUGH,561,446,108,7
Perry,GREENWOOD TOWNSHIP,PA Rep,86,86TH LEGISLATIVE WRITE-IN,19,5,14,0
Perry,GREENWOOD TOWNSHIP,PA Rep,86,Total,580,451,122,7
Perry,HOWE TOWNSHIP,President,,BIDEN/HARRIS,70,42,27,1
Perry,HOWE TOWNSHIP,President,,TRUMP/PENCE,187,165,21,1
Perry,HOWE TOWNSHIP,President,,JORGENSEN/COHEN,1,1,0,0
Perry,HOWE TOWNSHIP,President,,PRESIDENT WRITE-IN,0,0,0,0
Perry,HOWE TOWNSHIP,President,,Total,258,208,48,2
Perry,HOWE TOWNSHIP,Attorney General,,JOSH SHAPIRO,79,54,24,1
Perry,HOWE TOWNSHIP,Attorney General,,HEATHER HEIDELBAUGH,172,148,23,1
Perry,HOWE TOWNSHIP,Attorney General,,DANIEL WASSMER,3,3,0,0
Perry,HOWE TOWNSHIP,Attorney General,,RICHARD L WEISS,0,0,0,0
Perry,HOWE TOWNSHIP,Attorney General,,ATTORNEY GENERAL WRITE-IN,0,0,0,0
Perry,HOWE TOWNSHIP,Attorney General,,Total,254,205,47,2
Perry,HOWE TOWNSHIP,Auditor General,,NINA AHMAD,58,35,22,1
Perry,HOWE TOWNSHIP,Auditor General,,TIMOTHY DEFOOR,191,167,23,1
Perry,HOWE TOWNSHIP,Auditor General,,JENNIFER MOORE,6,5,1,0
Perry,HOWE TOWNSHIP,Auditor General,,OLIVIA FAISON,0,0,0,0
Perry,HOWE TOWNSHIP,Auditor General,,AUDITOR GENERAL WRITE-IN,0,0,0,0
Perry,HOWE TOWNSHIP,Auditor General,,Total,255,207,46,2
Perry,HOWE TOWNSHIP,State Treasurer,,JOE TORSELLA,65,42,22,1
Perry,HOWE TOWNSHIP,State Treasurer,,STACY L GARRITY,187,163,23,1
Perry,HOWE TOWNSHIP,State Treasurer,,JOE SOLOSKI,2,2,0,0
Perry,HOWE TOWNSHIP,State Treasurer,,TIMOTHY RUNKLE,1,0,1,0
Perry,HOWE TOWNSHIP,State Treasurer,,STATE TREASURER WRITE-IN,0,0,0,0
Perry,HOWE TOWNSHIP,State Treasurer,,Total,255,207,46,2
Perry,HOWE TOWNSHIP,Congress,12,LEE GRIFFIN,56,39,16,1
Perry,HOWE TOWNSHIP,Congress,12,FRED KELLER,201,168,32,1
Perry,HOWE TOWNSHIP,Congress,12,12TH CONGRESSIONAL WRITE-IN,0,0,0,0
Perry,HOWE TOWNSHIP,Congress,12,Total,257,207,48,2
Perry,HOWE TOWNSHIP,PA Senator,15,GEORGE SCOTT,65,45,19,1
Perry,HOWE TOWNSHIP,PA Senator,15,JOHN DISANTO,191,162,28,1
Perry,HOWE TOWNSHIP,PA Senator,15,15TH SENATORIAL WRITE-IN,0,0,0,0
Perry,HOWE TOWNSHIP,PA Senator,15,Total,256,207,47,2
Perry,HOWE TOWNSHIP,PA Rep,86,PERRY STAMBAUGH,222,180,40,2
Perry,HOWE TOWNSHIP,PA Rep,86,86TH LEGISLATIVE WRITE-IN,6,3,3,0
Perry,HOWE TOWNSHIP,PA Rep,86,Total,228,183,43,2
Perry,JACKSON TOWNSHIP,President,,BIDEN/HARRIS,33,20,13,0
Perry,JACKSON TOWNSHIP,President,,TRUMP/PENCE,171,153,18,0
Perry,JACKSON TOWNSHIP,President,,JORGENSEN/COHEN,2,2,0,0
Perry,JACKSON TOWNSHIP,President,,PRESIDENT WRITE-IN,1,1,0,0
Perry,JACKSON TOWNSHIP,President,,Total,207,176,31,0
Perry,JACKSON TOWNSHIP,Attorney General,,JOSH SHAPIRO,42,28,14,0
Perry,JACKSON TOWNSHIP,Attorney General,,HEATHER HEIDELBAUGH,155,141,14,0
Perry,JACKSON TOWNSHIP,Attorney General,,DANIEL WASSMER,1,1,0,0
Perry,JACKSON TOWNSHIP,Attorney General,,RICHARD L WEISS,1,1,0,0
Perry,JACKSON TOWNSHIP,Attorney General,,ATTORNEY GENERAL WRITE-IN,0,0,0,0
Perry,JACKSON TOWNSHIP,Attorney General,,Total,199,171,28,0
Perry,JACKSON TOWNSHIP,Auditor General,,NINA AHMAD,36,23,13,0
Perry,JACKSON TOWNSHIP,Auditor General,,TIMOTHY DEFOOR,158,142,16,0
Perry,JACKSON TOWNSHIP,Auditor General,,JENNIFER MOORE,5,5,0,0
Perry,JACKSON TOWNSHIP,Auditor General,,OLIVIA FAISON,2,2,0,0
Perry,JACKSON TOWNSHIP,Auditor General,,AUDITOR GENERAL WRITE-IN,0,0,0,0
Perry,JACKSON TOWNSHIP,Auditor General,,Total,201,172,29,0
Perry,JACKSON TOWNSHIP,State Treasurer,,JOE TORSELLA,39,23,16,0
Perry,JACKSON TOWNSHIP,State Treasurer,,STACY L GARRITY,158,144,14,0
Perry,JACKSON TOWNSHIP,State Treasurer,,JOE SOLOSKI,7,7,0,0
Perry,JACKSON TOWNSHIP,State Treasurer,,TIMOTHY RUNKLE,0,0,0,0
Perry,JACKSON TOWNSHIP,State Treasurer,,STATE TREASURER WRITE-IN,0,0,0,0
Perry,JACKSON TOWNSHIP,State Treasurer,,Total,204,174,30,0
Perry,JACKSON TOWNSHIP,Congress,12,LEE GRIFFIN,30,20,10,0
Perry,JACKSON TOWNSHIP,Congress,12,FRED KELLER,170,151,19,0
Perry,JACKSON TOWNSHIP,Congress,12,12TH CONGRESSIONAL WRITE-IN,0,0,0,0
Perry,JACKSON TOWNSHIP,Congress,12,Total,200,171,29,0
Perry,JACKSON TOWNSHIP,PA Senator,15,GEORGE SCOTT,37,23,14,0
Perry,JACKSON TOWNSHIP,PA Senator,15,JOHN DISANTO,169,153,16,0
Perry,JACKSON TOWNSHIP,PA Senator,15,15TH SENATORIAL WRITE-IN,0,0,0,0
Perry,JACKSON TOWNSHIP,PA Senator,15,Total,206,176,30,0
Perry,JACKSON TOWNSHIP,PA Rep,86,PERRY STAMBAUGH,190,168,22,0
Perry,JACKSON TOWNSHIP,PA Rep,86,86TH LEGISLATIVE WRITE-IN,3,2,1,0
Perry,JACKSON TOWNSHIP,PA Rep,86,Total,193,170,23,0
Perry,JUNIATA TOWNSHIP,President,,BIDEN/HARRIS,226,110,114,2
Perry,JUNIATA TOWNSHIP,President,,TRUMP/PENCE,637,556,67,14
Perry,JUNIATA TOWNSHIP,President,,JORGENSEN/COHEN,14,12,2,0
Perry,JUNIATA TOWNSHIP,President,,PRESIDENT WRITE-IN,0,0,0,0
Perry,JUNIATA TOWNSHIP,President,,Total,877,678,183,16
Perry,JUNIATA TOWNSHIP,Attorney General,,JOSH SHAPIRO,224,115,107,2
Perry,JUNIATA TOWNSHIP,Attorney General,,HEATHER HEIDELBAUGH,602,522,66,14
Perry,JUNIATA TOWNSHIP,Attorney General,,DANIEL WASSMER,29,26,3,0
Perry,JUNIATA TOWNSHIP,Attorney General,,RICHARD L WEISS,13,11,2,0
Perry,JUNIATA TOWNSHIP,Attorney General,,ATTORNEY GENERAL WRITE-IN,0,0,0,0
Perry,JUNIATA TOWNSHIP,Attorney General,,Total,868,674,178,16
Perry,JUNIATA TOWNSHIP,Auditor General,,NINA AHMAD,185,89,94,2
Perry,JUNIATA TOWNSHIP,Auditor General,,TIMOTHY DEFOOR,620,532,74,14
Perry,JUNIATA TOWNSHIP,Auditor General,,JENNIFER MOORE,40,33,7,0
Perry,JUNIATA TOWNSHIP,Auditor General,,OLIVIA FAISON,10,8,2,0
Perry,JUNIATA TOWNSHIP,Auditor General,,AUDITOR GENERAL WRITE-IN,0,0,0,0
Perry,JUNIATA TOWNSHIP,Auditor General,,Total,855,662,177,16
Perry,JUNIATA TOWNSHIP,State Treasurer,,JOE TORSELLA,214,108,104,2
Perry,JUNIATA TOWNSHIP,State Treasurer,,STACY L GARRITY,604,520,70,14
Perry,JUNIATA TOWNSHIP,State Treasurer,,JOE SOLOSKI,28,27,1,0
Perry,JUNIATA TOWNSHIP,State Treasurer,,TIMOTHY RUNKLE,9,7,2,0
Perry,JUNIATA TOWNSHIP,State Treasurer,,STATE TREASURER WRITE-IN,1,1,0,0
Perry,JUNIATA TOWNSHIP,State Treasurer,,Total,856,663,177,16
Perry,JUNIATA TOWNSHIP,Congress,12,LEE GRIFFIN,199,95,102,2
Perry,JUNIATA TOWNSHIP,Congress,12,FRED KELLER,656,567,75,14
Perry,JUNIATA TOWNSHIP,Congress,12,12TH CONGRESSIONAL WRITE-IN,6,5,1,0
Perry,JUNIATA TOWNSHIP,Congress,12,Total,861,667,178,16
Perry,JUNIATA TOWNSHIP,PA Senator,15,GEORGE SCOTT,229,116,111,2
Perry,JUNIATA TOWNSHIP,PA Senator,15,JOHN DISANTO,629,547,68,14
Perry,JUNIATA TOWNSHIP,PA Senator,15,15TH SENATORIAL WRITE-IN,1,1,0,0
Perry,JUNIATA TOWNSHIP,PA Senator,15,Total,859,664,179,16
Perry,JUNIATA TOWNSHIP,PA Rep,86,PERRY STAMBAUGH,735,597,123,15
Perry,JUNIATA TOWNSHIP,PA Rep,86,86TH LEGISLATIVE WRITE-IN,35,21,13,1
Perry,JUNIATA TOWNSHIP,PA Rep,86,Total,770,618,136,16
Perry,LANDISBURG BOROUGH,President,,BIDEN/HARRIS,28,19,9,0
Perry,LANDISBURG BOROUGH,President,,TRUMP/PENCE,67,57,9,1
Perry,LANDISBURG BOROUGH,President,,JORGENSEN/COHEN,1,0,1,0
Perry,LANDISBURG BOROUGH,President,,PRESIDENT WRITE-IN,0,0,0,0
Perry,LANDISBURG BOROUGH,President,,Total,96,76,19,1
Perry,LANDISBURG BOROUGH,Attorney General,,JOSH SHAPIRO,27,20,7,0
Perry,LANDISBURG BOROUGH,Attorney General,,HEATHER HEIDELBAUGH,62,52,9,1
Perry,LANDISBURG BOROUGH,Attorney General,,DANIEL WASSMER,3,2,1,0
Perry,LANDISBURG BOROUGH,Attorney General,,RICHARD L WEISS,2,0,2,0
Perry,LANDISBURG BOROUGH,Attorney General,,ATTORNEY GENERAL WRITE-IN,0,0,0,0
Perry,LANDISBURG BOROUGH,Attorney General,,Total,94,74,19,1
Perry,LANDISBURG BOROUGH,Auditor General,,NINA AHMAD,24,18,6,0
Perry,LANDISBURG BOROUGH,Auditor General,,TIMOTHY DEFOOR,57,48,8,1
Perry,LANDISBURG BOROUGH,Auditor General,,JENNIFER MOORE,8,5,3,0
Perry,LANDISBURG BOROUGH,Auditor General,,OLIVIA FAISON,4,2,2,0
Perry,LANDISBURG BOROUGH,Auditor General,,AUDITOR GENERAL WRITE-IN,0,0,0,0
Perry,LANDISBURG BOROUGH,Auditor General,,Total,93,73,19,1
Perry,LANDISBURG BOROUGH,State Treasurer,,JOE TORSELLA,20,14,6,0
Perry,LANDISBURG BOROUGH,State Treasurer,,STACY L GARRITY,63,52,10,1
Perry,LANDISBURG BOROUGH,State Treasurer,,JOE SOLOSKI,8,7,1,0
Perry,LANDISBURG BOROUGH,State Treasurer,,TIMOTHY RUNKLE,3,1,2,0
Perry,LANDISBURG BOROUGH,State Treasurer,,STATE TREASURER WRITE-IN,0,0,0,0
Perry,LANDISBURG BOROUGH,State Treasurer,,Total,94,74,19,1
Perry,LANDISBURG BOROUGH,Congress,12,LEE GRIFFIN,25,19,6,0
Perry,LANDISBURG BOROUGH,Congress,12,FRED KELLER,67,53,13,1
Perry,LANDISBURG BOROUGH,Congress,12,12TH CONGRESSIONAL WRITE-IN,0,0,0,0
Perry,LANDISBURG BOROUGH,Congress,12,Total,92,72,19,1
Perry,LANDISBURG BOROUGH,PA Senator,15,GEORGE SCOTT,25,18,7,0
Perry,LANDISBURG BOROUGH,PA Senator,15,JOHN DISANTO,65,52,12,1
Perry,LANDISBURG BOROUGH,PA Senator,15,15TH SENATORIAL WRITE-IN,0,0,0,0
Perry,LANDISBURG BOROUGH,PA Senator,15,Total,90,70,19,1
Perry,LANDISBURG BOROUGH,PA Rep,86,PERRY STAMBAUGH,88,69,18,1
Perry,LANDISBURG BOROUGH,PA Rep,86,86TH LEGISLATIVE WRITE-IN,2,2,0,0
Perry,LANDISBURG BOROUGH,PA Rep,86,Total,90,71,18,1
Perry,LIVERPOOL BOROUGH,President,,BIDEN/HARRIS,144,89,55,0
Perry,LIVERPOOL BOROUGH,President,,TRUMP/PENCE,310,289,21,0
Perry,LIVERPOOL BOROUGH,President,,JORGENSEN/COHEN,14,11,3,0
Perry,LIVERPOOL BOROUGH,President,,PRESIDENT WRITE-IN,2,1,1,0
Perry,LIVERPOOL BOROUGH,President,,Total,470,390,80,0
Perry,LIVERPOOL BOROUGH,Attorney General,,JOSH SHAPIRO,153,95,58,0
Perry,LIVERPOOL BOROUGH,Attorney General,,HEATHER HEIDELBAUGH,292,273,19,0
Perry,LIVERPOOL BOROUGH,Attorney General,,DANIEL WASSMER,15,13,2,0
Perry,LIVERPOOL BOROUGH,Attorney General,,RICHARD L WEISS,4,3,1,0
Perry,LIVERPOOL BOROUGH,Attorney General,,ATTORNEY GENERAL WRITE-IN,0,0,0,0
Perry,LIVERPOOL BOROUGH,Attorney General,,Total,464,384,80,0
Perry,LIVERPOOL BOROUGH,Auditor General,,NINA AHMAD,120,74,46,0
Perry,LIVERPOOL BOROUGH,Auditor General,,TIMOTHY DEFOOR,311,284,27,0
Perry,LIVERPOOL BOROUGH,Auditor General,,JENNIFER MOORE,23,20,3,0
Perry,LIVERPOOL BOROUGH,Auditor General,,OLIVIA FAISON,4,2,2,0
Perry,LIVERPOOL BOROUGH,Auditor General,,AUDITOR GENERAL WRITE-IN,0,0,0,0
Perry,LIVERPOOL BOROUGH,Auditor General,,Total,458,380,78,0
Perry,LIVERPOOL BOROUGH,State Treasurer,,JOE TORSELLA,137,87,50,0
Perry,LIVERPOOL BOROUGH,State Treasurer,,STACY L GARRITY,303,278,25,0
Perry,LIVERPOOL BOROUGH,State Treasurer,,JOE SOLOSKI,16,14,2,0
Perry,LIVERPOOL BOROUGH,State Treasurer,,TIMOTHY RUNKLE,7,5,2,0
Perry,LIVERPOOL BOROUGH,State Treasurer,,STATE TREASURER WRITE-IN,0,0,0,0
Perry,LIVERPOOL BOROUGH,State Treasurer,,Total,463,384,79,0
Perry,LIVERPOOL BOROUGH,Congress,12,LEE GRIFFIN,124,78,46,0
Perry,LIVERPOOL BOROUGH,Congress,12,FRED KELLER,340,306,34,0
Perry,LIVERPOOL BOROUGH,Congress,12,12TH CONGRESSIONAL WRITE-IN,0,0,0,0
Perry,LIVERPOOL BOROUGH,Congress,12,Total,464,384,80,0
Perry,LIVERPOOL BOROUGH,PA Senator,15,GEORGE SCOTT,147,99,48,0
Perry,LIVERPOOL BOROUGH,PA Senator,15,JOHN DISANTO,311,284,27,0
Perry,LIVERPOOL BOROUGH,PA Senator,15,15TH SENATORIAL WRITE-IN,2,0,2,0
Perry,LIVERPOOL BOROUGH,PA Senator,15,Total,460,383,77,0
Perry,LIVERPOOL BOROUGH,PA Rep,86,PERRY STAMBAUGH,391,337,54,0
Perry,LIVERPOOL BOROUGH,PA Rep,86,86TH LEGISLATIVE WRITE-IN,25,13,12,0
Perry,LIVERPOOL BOROUGH,PA Rep,86,Total,416,350,66,0
Perry,LIVERPOOL TOWNSHIP,President,,BIDEN/HARRIS,131,63,67,1
Perry,LIVERPOOL TOWNSHIP,President,,TRUMP/PENCE,466,403,60,3
Perry,LIVERPOOL TOWNSHIP,President,,JORGENSEN/COHEN,11,9,2,0
Perry,LIVERPOOL TOWNSHIP,President,,PRESIDENT WRITE-IN,0,0,0,0
Perry,LIVERPOOL TOWNSHIP,President,,Total,608,475,129,4
Perry,LIVERPOOL TOWNSHIP,Attorney General,,JOSH SHAPIRO,122,61,60,1
Perry,LIVERPOOL TOWNSHIP,Attorney General,,HEATHER HEIDELBAUGH,457,390,64,3
Perry,LIVERPOOL TOWNSHIP,Attorney General,,DANIEL WASSMER,14,13,1,0
Perry,LIVERPOOL TOWNSHIP,Attorney General,,RICHARD L WEISS,8,4,4,0
Perry,LIVERPOOL TOWNSHIP,Attorney General,,ATTORNEY GENERAL WRITE-IN,1,1,0,0
Perry,LIVERPOOL TOWNSHIP,Attorney General,,Total,602,469,129,4
Perry,LIVERPOOL TOWNSHIP,Auditor General,,NINA AHMAD,104,49,54,1
Perry,LIVERPOOL TOWNSHIP,Auditor General,,TIMOTHY DEFOOR,469,396,70,3
Perry,LIVERPOOL TOWNSHIP,Auditor General,,JENNIFER MOORE,20,18,2,0
Perry,LIVERPOOL TOWNSHIP,Auditor General,,OLIVIA FAISON,4,1,3,0
Perry,LIVERPOOL TOWNSHIP,Auditor General,,AUDITOR GENERAL WRITE-IN,0,0,0,0
Perry,LIVERPOOL TOWNSHIP,Auditor General,,Total,597,464,129,4
Perry,LIVERPOOL TOWNSHIP,State Treasurer,,JOE TORSELLA,111,53,57,1
Perry,LIVERPOOL TOWNSHIP,State Treasurer,,STACY L GARRITY,469,398,68,3
Perry,LIVERPOOL TOWNSHIP,State Treasurer,,JOE SOLOSKI,12,12,0,0
Perry,LIVERPOOL TOWNSHIP,State Treasurer,,TIMOTHY RUNKLE,4,1,3,0
Perry,LIVERPOOL TOWNSHIP,State Treasurer,,STATE TREASURER WRITE-IN,0,0,0,0
Perry,LIVERPOOL TOWNSHIP,State Treasurer,,Total,596,464,128,4
Perry,LIVERPOOL TOWNSHIP,Congress,12,LEE GRIFFIN,115,53,61,1
Perry,LIVERPOOL TOWNSHIP,Congress,12,FRED KELLER,480,410,67,3
Perry,LIVERPOOL TOWNSHIP,Congress,12,12TH CONGRESSIONAL WRITE-IN,1,1,0,0
Perry,LIVERPOOL TOWNSHIP,Congress,12,Total,596,464,128,4
Perry,LIVERPOOL TOWNSHIP,PA Senator,15,GEORGE SCOTT,136,61,74,1
Perry,LIVERPOOL TOWNSHIP,PA Senator,15,JOHN DISANTO,461,403,55,3
Perry,LIVERPOOL TOWNSHIP,PA Senator,15,15TH SENATORIAL WRITE-IN,2,2,0,0
Perry,LIVERPOOL TOWNSHIP,PA Senator,15,Total,599,466,129,4
Perry,LIVERPOOL TOWNSHIP,PA Rep,86,PERRY STAMBAUGH,537,442,91,4
Perry,LIVERPOOL TOWNSHIP,PA Rep,86,86TH LEGISLATIVE WRITE-IN,12,5,7,0
Perry,LIVERPOOL TOWNSHIP,PA Rep,86,Total,549,447,98,4
Perry,MADISON TOWNSHIP,President,,BIDEN/HARRIS,72,35,37,0
Perry,MADISON TOWNSHIP,President,,TRUMP/PENCE,370,344,24,2
Perry,MADISON TOWNSHIP,President,,JORGENSEN/COHEN,6,6,0,0
Perry,MADISON TOWNSHIP,President,,PRESIDENT WRITE-IN,1,0,1,0
Perry,MADISON TOWNSHIP,President,,Total,449,385,62,2
Perry,MADISON TOWNSHIP,Attorney General,,JOSH SHAPIRO,75,41,34,0
Perry,MADISON TOWNSHIP,Attorney General,,HEATHER HEIDELBAUGH,357,327,28,2
Perry,MADISON TOWNSHIP,Attorney General,,DANIEL WASSMER,8,8,0,0
Perry,MADISON TOWNSHIP,Attorney General,,RICHARD L WEISS,2,2,0,0
Perry,MADISON TOWNSHIP,Attorney General,,ATTORNEY GENERAL WRITE-IN,0,0,0,0
Perry,MADISON TOWNSHIP,Attorney General,,Total,442,378,62,2
Perry,MADISON TOWNSHIP,Auditor General,,NINA AHMAD,59,30,29,0
Perry,MADISON TOWNSHIP,Auditor General,,TIMOTHY DEFOOR,364,331,31,2
Perry,MADISON TOWNSHIP,Auditor General,,JENNIFER MOORE,11,11,0,0
Perry,MADISON TOWNSHIP,Auditor General,,OLIVIA FAISON,1,1,0,0
Perry,MADISON TOWNSHIP,Auditor General,,AUDITOR GENERAL WRITE-IN,0,0,0,0
Perry,MADISON TOWNSHIP,Auditor General,,Total,435,373,60,2
Perry,MADISON TOWNSHIP,State Treasurer,,JOE TORSELLA,63,34,29,0
Perry,MADISON TOWNSHIP,State Treasurer,,STACY L GARRITY,366,332,32,2
Perry,MADISON TOWNSHIP,State Treasurer,,JOE SOLOSKI,5,5,0,0
Perry,MADISON TOWNSHIP,State Treasurer,,TIMOTHY RUNKLE,1,1,0,0
Perry,MADISON TOWNSHIP,State Treasurer,,STATE TREASURER WRITE-IN,0,0,0,0
Perry,MADISON TOWNSHIP,State Treasurer,,Total,435,372,61,2
Perry,MADISON TOWNSHIP,Congress,12,LEE GRIFFIN,56,28,28,0
Perry,MADISON TOWNSHIP,Congress,12,FRED KELLER,381,347,33,1
Perry,MADISON TOWNSHIP,Congress,12,12TH CONGRESSIONAL WRITE-IN,0,0,0,0
Perry,MADISON TOWNSHIP,Congress,12,Total,437,375,61,1
Perry,MADISON TOWNSHIP,PA Senator,15,GEORGE SCOTT,67,37,30,0
Perry,MADISON TOWNSHIP,PA Senator,15,JOHN DISANTO,377,343,32,2
Perry,MADISON TOWNSHIP,PA Senator,15,15TH SENATORIAL WRITE-IN,0,0,0,0
Perry,MADISON TOWNSHIP,PA Senator,15,Total,444,380,62,2
Perry,MADISON TOWNSHIP,PA Rep,86,PERRY STAMBAUGH,405,358,45,2
Perry,MADISON TOWNSHIP,PA Rep,86,86TH LEGISLATIVE WRITE-IN,5,1,4,0
Perry,MADISON TOWNSHIP,PA Rep,86,Total,410,359,49,2
Perry,MARYSVILLE BOROUGH,President,,BIDEN/HARRIS,539,243,291,5
Perry,MARYSVILLE BOROUGH,President,,TRUMP/PENCE,934,796,131,7
Perry,MARYSVILLE BOROUGH,President,,JORGENSEN/COHEN,23,15,7,1
Perry,MARYSVILLE BOROUGH,President,,PRESIDENT WRITE-IN,3,1,2,0
Perry,MARYSVILLE BOROUGH,President,,Total,1499,1055,431,13
Perry,MARYSVILLE BOROUGH,Attorney General,,JOSH SHAPIRO,532,260,267,5
Perry,MARYSVILLE BOROUGH,Attorney General,,HEATHER HEIDELBAUGH,915,761,147,7
Perry,MARYSVILLE BOROUGH,Attorney General,,DANIEL WASSMER,28,20,8,0
Perry,MARYSVILLE BOROUGH,Attorney General,,RICHARD L WEISS,15,9,6,0
Perry,MARYSVILLE BOROUGH,Attorney General,,ATTORNEY GENERAL WRITE-IN,1,1,0,0
Perry,MARYSVILLE BOROUGH,Attorney General,,Total,1491,1051,428,12
Perry,MARYSVILLE BOROUGH,Auditor General,,NINA AHMAD,455,198,253,4
Perry,MARYSVILLE BOROUGH,Auditor General,,TIMOTHY DEFOOR,955,794,152,9
Perry,MARYSVILLE BOROUGH,Auditor General,,JENNIFER MOORE,57,39,18,0
Perry,MARYSVILLE BOROUGH,Auditor General,,OLIVIA FAISON,19,16,3,0
Perry,MARYSVILLE BOROUGH,Auditor General,,AUDITOR GENERAL WRITE-IN,0,0,0,0
Perry,MARYSVILLE BOROUGH,Auditor General,,Total,1486,1047,426,13
Perry,MARYSVILLE BOROUGH,State Treasurer,,JOE TORSELLA,487,222,261,4
Perry,MARYSVILLE BOROUGH,State Treasurer,,STACY L GARRITY,938,785,144,9
Perry,MARYSVILLE BOROUGH,State Treasurer,,JOE SOLOSKI,41,27,14,0
Perry,MARYSVILLE BOROUGH,State Treasurer,,TIMOTHY RUNKLE,23,16,7,0
Perry,MARYSVILLE BOROUGH,State Treasurer,,STATE TREASURER WRITE-IN,0,0,0,0
Perry,MARYSVILLE BOROUGH,State Treasurer,,Total,1489,1050,426,13
Perry,MARYSVILLE BOROUGH,Congress,12,LEE GRIFFIN,503,235,264,4
Perry,MARYSVILLE BOROUGH,Congress,12,FRED KELLER,989,818,162,9
Perry,MARYSVILLE BOROUGH,Congress,12,12TH CONGRESSIONAL WRITE-IN,2,1,1,0
Perry,MARYSVILLE BOROUGH,Congress,12,Total,1494,1054,427,13
Perry,MARYSVILLE BOROUGH,PA Senator,15,GEORGE SCOTT,549,263,281,5
Perry,MARYSVILLE BOROUGH,PA Senator,15,JOHN DISANTO,937,785,144,8
Perry,MARYSVILLE BOROUGH,PA Senator,15,15TH SENATORIAL WRITE-IN,2,2,0,0
Perry,MARYSVILLE BOROUGH,PA Senator,15,Total,1488,1050,425,13
Perry,MARYSVILLE BOROUGH,PA Rep,86,PERRY STAMBAUGH,1203,923,270,10
Perry,MARYSVILLE BOROUGH,PA Rep,86,86TH LEGISLATIVE WRITE-IN,69,35,34,0
Perry,MARYSVILLE BOROUGH,PA Rep,86,Total,1272,958,304,10
Perry,MILLER TOWNSHIP,President,,BIDEN/HARRIS,110,55,55,0
Perry,MILLER TOWNSHIP,President,,TRUMP/PENCE,406,367,38,1
Perry,MILLER TOWNSHIP,President,,JORGENSEN/COHEN,5,3,2,0
Perry,MILLER TOWNSHIP,President,,PRESIDENT WRITE-IN,1,1,0,0
Perry,MILLER TOWNSHIP,President,,Total,522,426,95,1
Perry,MILLER TOWNSHIP,Attorney General,,JOSH SHAPIRO,118,64,53,1
Perry,MILLER TOWNSHIP,Attorney General,,HEATHER HEIDELBAUGH,386,346,40,0
Perry,MILLER TOWNSHIP,Attorney General,,DANIEL WASSMER,8,8,0,0
Perry,MILLER TOWNSHIP,Attorney General,,RICHARD L WEISS,7,5,2,0
Perry,MILLER TOWNSHIP,Attorney General,,ATTORNEY GENERAL WRITE-IN,0,0,0,0
Perry,MILLER TOWNSHIP,Attorney General,,Total,519,423,95,1
Perry,MILLER TOWNSHIP,Auditor General,,NINA AHMAD,92,43,48,1
Perry,MILLER TOWNSHIP,Auditor General,,TIMOTHY DEFOOR,405,362,43,0
Perry,MILLER TOWNSHIP,Auditor General,,JENNIFER MOORE,11,10,1,0
Perry,MILLER TOWNSHIP,Auditor General,,OLIVIA FAISON,7,4,3,0
Perry,MILLER TOWNSHIP,Auditor General,,AUDITOR GENERAL WRITE-IN,1,1,0,0
Perry,MILLER TOWNSHIP,Auditor General,,Total,516,420,95,1
Perry,MILLER TOWNSHIP,State Treasurer,,JOE TORSELLA,105,53,52,0
Perry,MILLER TOWNSHIP,State Treasurer,,STACY L GARRITY,399,357,41,1
Perry,MILLER TOWNSHIP,State Treasurer,,JOE SOLOSKI,8,8,0,0
Perry,MILLER TOWNSHIP,State Treasurer,,TIMOTHY RUNKLE,6,4,2,0
Perry,MILLER TOWNSHIP,State Treasurer,,STATE TREASURER WRITE-IN,0,0,0,0
Perry,MILLER TOWNSHIP,State Treasurer,,Total,518,422,95,1
Perry,MILLER TOWNSHIP,Congress,12,LEE GRIFFIN,95,44,51,0
Perry,MILLER TOWNSHIP,Congress,12,FRED KELLER,418,373,44,1
Perry,MILLER TOWNSHIP,Congress,12,12TH CONGRESSIONAL WRITE-IN,2,2,0,0
Perry,MILLER TOWNSHIP,Congress,12,Total,515,419,95,1
Perry,MILLER TOWNSHIP,PA Senator,15,GEORGE SCOTT,110,60,50,0
Perry,MILLER TOWNSHIP,PA Senator,15,JOHN DISANTO,408,363,45,0
Perry,MILLER TOWNSHIP,PA Senator,15,15TH SENATORIAL WRITE-IN,0,0,0,0
Perry,MILLER TOWNSHIP,PA Senator,15,Total,518,423,95,0
Perry,MILLER TOWNSHIP,PA Rep,86,PERRY STAMBAUGH,444,379,64,1
Perry,MILLER TOWNSHIP,PA Rep,86,86TH LEGISLATIVE WRITE-IN,16,6,10,0
Perry,MILLER TOWNSHIP,PA Rep,86,Total,460,385,74,1
Perry,MILLERSTOWN BOROUGH,President,,BIDEN/HARRIS,109,45,63,1
Perry,MILLERSTOWN BOROUGH,President,,TRUMP/PENCE,306,272,34,0
Perry,MILLERSTOWN BOROUGH,President,,JORGENSEN/COHEN,5,4,1,0
Perry,MILLERSTOWN BOROUGH,President,,PRESIDENT WRITE-IN,1,1,0,0
Perry,MILLERSTOWN BOROUGH,President,,Total,421,322,98,1
Perry,MILLERSTOWN BOROUGH,Attorney General,,JOSH SHAPIRO,109,55,53,1
Perry,MILLERSTOWN BOROUGH,Attorney General,,HEATHER HEIDELBAUGH,292,251,41,0
Perry,MILLERSTOWN BOROUGH,Attorney General,,DANIEL WASSMER,14,11,3,0
Perry,MILLERSTOWN BOROUGH,Attorney General,,RICHARD L WEISS,2,1,1,0
Perry,MILLERSTOWN BOROUGH,Attorney General,,ATTORNEY GENERAL WRITE-IN,0,0,0,0
Perry,MILLERSTOWN BOROUGH,Attorney General,,Total,417,318,98,1
Perry,MILLERSTOWN BOROUGH,Auditor General,,NINA AHMAD,86,32,53,1
Perry,MILLERSTOWN BOROUGH,Auditor General,,TIMOTHY DEFOOR,303,264,39,0
Perry,MILLERSTOWN BOROUGH,Auditor General,,JENNIFER MOORE,18,16,2,0
Perry,MILLERSTOWN BOROUGH,Auditor General,,OLIVIA FAISON,3,2,1,0
Perry,MILLERSTOWN BOROUGH,Auditor General,,AUDITOR GENERAL WRITE-IN,0,0,0,0
Perry,MILLERSTOWN BOROUGH,Auditor General,,Total,410,314,95,1
Perry,MILLERSTOWN BOROUGH,State Treasurer,,JOE TORSELLA,94,41,52,1
Perry,MILLERSTOWN BOROUGH,State Treasurer,,STACY L GARRITY,300,258,42,0
Perry,MILLERSTOWN BOROUGH,State Treasurer,,JOE SOLOSKI,13,10,3,0
Perry,MILLERSTOWN BOROUGH,State Treasurer,,TIMOTHY RUNKLE,7,6,1,0
Perry,MILLERSTOWN BOROUGH,State Treasurer,,STATE TREASURER WRITE-IN,0,0,0,0
Perry,MILLERSTOWN BOROUGH,State Treasurer,,Total,414,315,98,1
Perry,MILLERSTOWN BOROUGH,Congress,12,LEE GRIFFIN,96,38,57,1
Perry,MILLERSTOWN BOROUGH,Congress,12,FRED KELLER,319,279,40,0
Perry,MILLERSTOWN BOROUGH,Congress,12,12TH CONGRESSIONAL WRITE-IN,1,1,0,0
Perry,MILLERSTOWN BOROUGH,Congress,12,Total,416,318,97,1
Perry,MILLERSTOWN BOROUGH,PA Senator,15,GEORGE SCOTT,113,52,60,1
Perry,MILLERSTOWN BOROUGH,PA Senator,15,JOHN DISANTO,304,267,37,0
Perry,MILLERSTOWN BOROUGH,PA Senator,15,15TH SENATORIAL WRITE-IN,1,0,1,0
Perry,MILLERSTOWN BOROUGH,PA Senator,15,Total,418,319,98,1
Perry,MILLERSTOWN BOROUGH,PA Rep,86,PERRY STAMBAUGH,357,290,67,0
Perry,MILLERSTOWN BOROUGH,PA Rep,86,86TH LEGISLATIVE WRITE-IN,15,2,13,0
Perry,MILLERSTOWN BOROUGH,PA Rep,86,Total,372,292,80,0
Perry,MILLERSTOWN BOROUGH,President,,BIDEN/HARRIS,15,11,4,0
Perry,MILLERSTOWN BOROUGH,President,,TRUMP/PENCE,38,37,1,0
Perry,MILLERSTOWN BOROUGH,President,,JORGENSEN/COHEN,0,0,0,0
Perry,MILLERSTOWN BOROUGH,President,,PRESIDENT WRITE-IN,0,0,0,0
Perry,MILLERSTOWN BOROUGH,President,,Total,53,48,5,0
Perry,MILLERSTOWN BOROUGH,Attorney General,,JOSH SHAPIRO,13,10,3,0
Perry,MILLERSTOWN BOROUGH,Attorney General,,HEATHER HEIDELBAUGH,36,36,0,0
Perry,MILLERSTOWN BOROUGH,Attorney General,,DANIEL WASSMER,2,1,1,0
Perry,MILLERSTOWN BOROUGH,Attorney General,,RICHARD L WEISS,0,0,0,0
Perry,MILLERSTOWN BOROUGH,Attorney General,,ATTORNEY GENERAL WRITE-IN,0,0,0,0
Perry,MILLERSTOWN BOROUGH,Attorney General,,Total,51,47,4,0
Perry,MILLERSTOWN BOROUGH,Auditor General,,NINA AHMAD,8,7,1,0
Perry,MILLERSTOWN BOROUGH,Auditor General,,TIMOTHY DEFOOR,38,35,3,0
Perry,MILLERSTOWN BOROUGH,Auditor General,,JENNIFER MOORE,4,4,0,0
Perry,MILLERSTOWN BOROUGH,Auditor General,,OLIVIA FAISON,0,0,0,0
Perry,MILLERSTOWN BOROUGH,Auditor General,,AUDITOR GENERAL WRITE-IN,0,0,0,0
Perry,MILLERSTOWN BOROUGH,Auditor General,,Total,50,46,4,0
Perry,MILLERSTOWN BOROUGH,State Treasurer,,JOE TORSELLA,9,8,1,0
Perry,MILLERSTOWN BOROUGH,State Treasurer,,STACY L GARRITY,40,37,3,0
Perry,MILLERSTOWN BOROUGH,State Treasurer,,JOE SOLOSKI,0,0,0,0
Perry,MILLERSTOWN BOROUGH,State Treasurer,,TIMOTHY RUNKLE,0,0,0,0
Perry,MILLERSTOWN BOROUGH,State Treasurer,,STATE TREASURER WRITE-IN,0,0,0,0
Perry,MILLERSTOWN BOROUGH,State Treasurer,,Total,49,45,4,0
Perry,MILLERSTOWN BOROUGH,Congress,12,LEE GRIFFIN,11,10,1,0
Perry,MILLERSTOWN BOROUGH,Congress,12,FRED KELLER,39,36,3,0
Perry,MILLERSTOWN BOROUGH,Congress,12,12TH CONGRESSIONAL WRITE-IN,0,0,0,0
Perry,MILLERSTOWN BOROUGH,Congress,12,Total,50,46,4,0
Perry,MILLERSTOWN BOROUGH,PA Senator,15,GEORGE SCOTT,17,14,3,0
Perry,MILLERSTOWN BOROUGH,PA Senator,15,JOHN DISANTO,35,34,1,0
Perry,MILLERSTOWN BOROUGH,PA Senator,15,15TH SENATORIAL WRITE-IN,0,0,0,0
Perry,MILLERSTOWN BOROUGH,PA Senator,15,Total,52,48,4,0
Perry,MILLERSTOWN BOROUGH,PA Rep,86,PERRY STAMBAUGH,44,41,3,0
Perry,MILLERSTOWN BOROUGH,PA Rep,86,86TH LEGISLATIVE WRITE-IN,0,0,0,0
Perry,MILLERSTOWN BOROUGH,PA Rep,86,Total,44,41,3,0
Perry,NEWPORT BOROUGH,President,,BIDEN/HARRIS,158,94,61,3
Perry,NEWPORT BOROUGH,President,,TRUMP/PENCE,429,375,52,2
Perry,NEWPORT BOROUGH,President,,JORGENSEN/COHEN,18,13,5,0
Perry,NEWPORT BOROUGH,President,,PRESIDENT WRITE-IN,3,2,0,1
Perry,NEWPORT BOROUGH,President,,Total,608,484,118,6
Perry,NEWPORT BOROUGH,Attorney General,,JOSH SHAPIRO,193,125,65,3
Perry,NEWPORT BOROUGH,Attorney General,,HEATHER HEIDELBAUGH,381,333,47,1
Perry,NEWPORT BOROUGH,Attorney General,,DANIEL WASSMER,16,14,2,0
Perry,NEWPORT BOROUGH,Attorney General,,RICHARD L WEISS,12,7,4,1
Perry,NEWPORT BOROUGH,Attorney General,,ATTORNEY GENERAL WRITE-IN,1,1,0,0
Perry,NEWPORT BOROUGH,Attorney General,,Total,603,480,118,5
Perry,NEWPORT BOROUGH,Auditor General,,NINA AHMAD,144,87,55,2
Perry,NEWPORT BOROUGH,Auditor General,,TIMOTHY DEFOOR,418,362,54,2
Perry,NEWPORT BOROUGH,Auditor General,,JENNIFER MOORE,22,19,3,0
Perry,NEWPORT BOROUGH,Auditor General,,OLIVIA FAISON,11,6,4,1
Perry,NEWPORT BOROUGH,Auditor General,,AUDITOR GENERAL WRITE-IN,0,0,0,0
Perry,NEWPORT BOROUGH,Auditor General,,Total,595,474,116,5
Perry,NEWPORT BOROUGH,State Treasurer,,JOE TORSELLA,156,98,56,2
Perry,NEWPORT BOROUGH,State Treasurer,,STACY L GARRITY,413,358,54,1
Perry,NEWPORT BOROUGH,State Treasurer,,JOE SOLOSKI,20,18,2,0
Perry,NEWPORT BOROUGH,State Treasurer,,TIMOTHY RUNKLE,10,6,2,2
Perry,NEWPORT BOROUGH,State Treasurer,,STATE TREASURER WRITE-IN,0,0,0,0
Perry,NEWPORT BOROUGH,State Treasurer,,Total,599,480,114,5
Perry,NEWPORT BOROUGH,Congress,12,LEE GRIFFIN,147,89,56,2
Perry,NEWPORT BOROUGH,Congress,12,FRED KELLER,451,389,59,3
Perry,NEWPORT BOROUGH,Congress,12,12TH CONGRESSIONAL WRITE-IN,2,2,0,0
Perry,NEWPORT BOROUGH,Congress,12,Total,600,480,115,5
Perry,NEWPORT BOROUGH,PA Senator,15,GEORGE SCOTT,176,110,64,2
Perry,NEWPORT BOROUGH,PA Senator,15,JOHN DISANTO,419,366,50,3
Perry,NEWPORT BOROUGH,PA Senator,15,15TH SENATORIAL WRITE-IN,1,1,0,0
Perry,NEWPORT BOROUGH,PA Senator,15,Total,596,477,114,5
Perry,NEWPORT BOROUGH,PA Rep,86,PERRY STAMBAUGH,513,438,70,5
Perry,NEWPORT BOROUGH,PA Rep,86,86TH LEGISLATIVE WRITE-IN,18,10,8,0
Perry,NEWPORT BOROUGH,PA Rep,86,Total,531,448,78,5
Perry,OLIVER TOWNSHIP,President,,BIDEN/HARRIS,291,146,143,2
Perry,OLIVER TOWNSHIP,President,,TRUMP/PENCE,641,533,102,6
Perry,OLIVER TOWNSHIP,President,,JORGENSEN/COHEN,18,16,2,0
Perry,OLIVER TOWNSHIP,President,,PRESIDENT WRITE-IN,2,1,1,0
Perry,OLIVER TOWNSHIP,President,,Total,952,696,248,8
Perry,OLIVER TOWNSHIP,Attorney General,,JOSH SHAPIRO,311,164,145,2
Perry,OLIVER TOWNSHIP,Attorney General,,HEATHER HEIDELBAUGH,590,492,92,6
Perry,OLIVER TOWNSHIP,Attorney General,,DANIEL WASSMER,27,23,4,0
Perry,OLIVER TOWNSHIP,Attorney General,,RICHARD L WEISS,12,8,4,0
Perry,OLIVER TOWNSHIP,Attorney General,,ATTORNEY GENERAL WRITE-IN,0,0,0,0
Perry,OLIVER TOWNSHIP,Attorney General,,Total,940,687,245,8
Perry,OLIVER TOWNSHIP,Auditor General,,NINA AHMAD,247,117,129,1
Perry,OLIVER TOWNSHIP,Auditor General,,TIMOTHY DEFOOR,635,524,105,6
Perry,OLIVER TOWNSHIP,Auditor General,,JENNIFER MOORE,35,29,6,0
Perry,OLIVER TOWNSHIP,Auditor General,,OLIVIA FAISON,11,6,5,0
Perry,OLIVER TOWNSHIP,Auditor General,,AUDITOR GENERAL WRITE-IN,0,0,0,0
Perry,OLIVER TOWNSHIP,Auditor General,,Total,928,676,245,7
Perry,OLIVER TOWNSHIP,State Treasurer,,JOE TORSELLA,269,131,137,1
Perry,OLIVER TOWNSHIP,State Treasurer,,STACY L GARRITY,619,512,101,6
Perry,OLIVER TOWNSHIP,State Treasurer,,JOE SOLOSKI,32,28,4,0
Perry,OLIVER TOWNSHIP,State Treasurer,,TIMOTHY RUNKLE,11,8,3,0
Perry,OLIVER TOWNSHIP,State Treasurer,,STATE TREASURER WRITE-IN,1,1,0,0
Perry,OLIVER TOWNSHIP,State Treasurer,,Total,932,680,245,7
Perry,OLIVER TOWNSHIP,Congress,12,LEE GRIFFIN,242,120,121,1
Perry,OLIVER TOWNSHIP,Congress,12,FRED KELLER,686,556,124,6
Perry,OLIVER TOWNSHIP,Congress,12,12TH CONGRESSIONAL WRITE-IN,3,3,0,0
Perry,OLIVER TOWNSHIP,Congress,12,Total,931,679,245,7
Perry,OLIVER TOWNSHIP,PA Senator,15,GEORGE SCOTT,295,153,141,1
Perry,OLIVER TOWNSHIP,PA Senator,15,JOHN DISANTO,640,528,106,6
Perry,OLIVER TOWNSHIP,PA Senator,15,15TH SENATORIAL WRITE-IN,1,1,0,0
Perry,OLIVER TOWNSHIP,PA Senator,15,Total,936,682,247,7
Perry,OLIVER TOWNSHIP,PA Rep,86,PERRY STAMBAUGH,818,625,186,7
Perry,OLIVER TOWNSHIP,PA Rep,86,86TH LEGISLATIVE WRITE-IN,23,14,9,0
Perry,OLIVER TOWNSHIP,PA Rep,86,Total,841,639,195,7
Perry,PENN TOWNSHIP,President,,BIDEN/HARRIS,427,183,240,4
Perry,PENN TOWNSHIP,President,,TRUMP/PENCE,1199,1006,175,18
Perry,PENN TOWNSHIP,President,,JORGENSEN/COHEN,24,18,6,0
Perry,PENN TOWNSHIP,President,,PRESIDENT WRITE-IN,5,1,4,0
Perry,PENN TOWNSHIP,President,,Total,1655,1208,425,22
Perry,PENN TOWNSHIP,Attorney General,,JOSH SHAPIRO,439,202,233,4
Perry,PENN TOWNSHIP,Attorney General,,HEATHER HEIDELBAUGH,1145,961,168,16
Perry,PENN TOWNSHIP,Attorney General,,DANIEL WASSMER,29,21,8,0
Perry,PENN TOWNSHIP,Attorney General,,RICHARD L WEISS,21,15,5,1
Perry,PENN TOWNSHIP,Attorney General,,ATTORNEY GENERAL WRITE-IN,1,1,0,0
Perry,PENN TOWNSHIP,Attorney General,,Total,1635,1200,414,21
Perry,PENN TOWNSHIP,Auditor General,,NINA AHMAD,370,158,208,4
Perry,PENN TOWNSHIP,Auditor General,,TIMOTHY DEFOOR,1164,970,176,18
Perry,PENN TOWNSHIP,Auditor General,,JENNIFER MOORE,61,47,14,0
Perry,PENN TOWNSHIP,Auditor General,,OLIVIA FAISON,17,12,5,0
Perry,PENN TOWNSHIP,Auditor General,,AUDITOR GENERAL WRITE-IN,1,0,1,0
Perry,PENN TOWNSHIP,Auditor General,,Total,1613,1187,404,22
Perry,PENN TOWNSHIP,State Treasurer,,JOE TORSELLA,390,176,211,3
Perry,PENN TOWNSHIP,State Treasurer,,STACY L GARRITY,1158,967,173,18
Perry,PENN TOWNSHIP,State Treasurer,,JOE SOLOSKI,41,29,12,0
Perry,PENN TOWNSHIP,State Treasurer,,TIMOTHY RUNKLE,26,16,9,1
Perry,PENN TOWNSHIP,State Treasurer,,STATE TREASURER WRITE-IN,1,1,0,0
Perry,PENN TOWNSHIP,State Treasurer,,Total,1616,1189,405,22
Perry,PENN TOWNSHIP,Congress,12,LEE GRIFFIN,394,176,214,4
Perry,PENN TOWNSHIP,Congress,12,FRED KELLER,1223,1007,198,18
Perry,PENN TOWNSHIP,Congress,12,12TH CONGRESSIONAL WRITE-IN,4,3,1,0
Perry,PENN TOWNSHIP,Congress,12,Total,1621,1186,413,22
Perry,PENN TOWNSHIP,PA Senator,15,GEORGE SCOTT,432,201,228,3
Perry,PENN TOWNSHIP,PA Senator,15,JOHN DISANTO,1187,988,180,19
Perry,PENN TOWNSHIP,PA Senator,15,15TH SENATORIAL WRITE-IN,1,1,0,0
Perry,PENN TOWNSHIP,PA Senator,15,Total,1620,1190,408,22
Perry,PENN TOWNSHIP,PA Rep,86,PERRY STAMBAUGH,1387,1081,285,21
Perry,PENN TOWNSHIP,PA Rep,86,86TH LEGISLATIVE WRITE-IN,45,21,24,0
Perry,PENN TOWNSHIP,PA Rep,86,Total,1432,1102,309,21
Perry,RYE TOWNSHIP,President,,BIDEN/HARRIS,377,166,210,1
Perry,RYE TOWNSHIP,President,,TRUMP/PENCE,1092,951,139,2
Perry,RYE TOWNSHIP,President,,JORGENSEN/COHEN,21,16,5,0
Perry,RYE TOWNSHIP,President,,PRESIDENT WRITE-IN,7,4,3,0
Perry,RYE TOWNSHIP,President,,Total,1497,1137,357,3
Perry,RYE TOWNSHIP,Attorney General,,JOSH SHAPIRO,398,196,201,1
Perry,RYE TOWNSHIP,Attorney General,,HEATHER HEIDELBAUGH,1052,916,134,2
Perry,RYE TOWNSHIP,Attorney General,,DANIEL WASSMER,18,13,5,0
Perry,RYE TOWNSHIP,Attorney General,,RICHARD L WEISS,11,5,6,0
Perry,RYE TOWNSHIP,Attorney General,,ATTORNEY GENERAL WRITE-IN,1,1,0,0
Perry,RYE TOWNSHIP,Attorney General,,Total,1480,1131,346,3
Perry,RYE TOWNSHIP,Auditor General,,NINA AHMAD,335,145,189,1
Perry,RYE TOWNSHIP,Auditor General,,TIMOTHY DEFOOR,1089,943,144,2
Perry,RYE TOWNSHIP,Auditor General,,JENNIFER MOORE,44,36,8,0
Perry,RYE TOWNSHIP,Auditor General,,OLIVIA FAISON,7,3,4,0
Perry,RYE TOWNSHIP,Auditor General,,AUDITOR GENERAL WRITE-IN,1,0,1,0
Perry,RYE TOWNSHIP,Auditor General,,Total,1476,1127,346,3
Perry,RYE TOWNSHIP,State Treasurer,,JOE TORSELLA,339,151,187,1
Perry,RYE TOWNSHIP,State Treasurer,,STACY L GARRITY,1087,941,144,2
Perry,RYE TOWNSHIP,State Treasurer,,JOE SOLOSKI,29,21,8,0
Perry,RYE TOWNSHIP,State Treasurer,,TIMOTHY RUNKLE,21,13,8,0
Perry,RYE TOWNSHIP,State Treasurer,,STATE TREASURER WRITE-IN,0,0,0,0
Perry,RYE TOWNSHIP,State Treasurer,,Total,1476,1126,347,3
Perry,RYE TOWNSHIP,Congress,12,LEE GRIFFIN,332,143,188,1
Perry,RYE TOWNSHIP,Congress,12,FRED KELLER,1141,978,161,2
Perry,RYE TOWNSHIP,Congress,12,12TH CONGRESSIONAL WRITE-IN,2,0,2,0
Perry,RYE TOWNSHIP,Congress,12,Total,1475,1121,351,3
Perry,RYE TOWNSHIP,PA Senator,15,GEORGE SCOTT,378,172,205,1
Perry,RYE TOWNSHIP,PA Senator,15,JOHN DISANTO,1097,950,145,2
Perry,RYE TOWNSHIP,PA Senator,15,15TH SENATORIAL WRITE-IN,1,1,0,0
Perry,RYE TOWNSHIP,PA Senator,15,Total,1476,1123,350,3
Perry,RYE TOWNSHIP,PA Rep,86,PERRY STAMBAUGH,1251,1034,215,2
Perry,RYE TOWNSHIP,PA Rep,86,86TH LEGISLATIVE WRITE-IN,49,14,35,0
Perry,RYE TOWNSHIP,PA Rep,86,Total,1300,1048,250,2
Perry,SANDY HILL DISTRICT,President,,BIDEN/HARRIS,93,50,43,0
Perry,SANDY HILL DISTRICT,President,,TRUMP/PENCE,300,261,38,1
Perry,SANDY HILL DISTRICT,President,,JORGENSEN/COHEN,7,4,3,0
Perry,SANDY HILL DISTRICT,President,,PRESIDENT WRITE-IN,1,1,0,0
Perry,SANDY HILL DISTRICT,President,,Total,401,316,84,1
Perry,SANDY HILL DISTRICT,Attorney General,,JOSH SHAPIRO,93,53,40,0
Perry,SANDY HILL DISTRICT,Attorney General,,HEATHER HEIDELBAUGH,287,248,38,1
Perry,SANDY HILL DISTRICT,Attorney General,,DANIEL WASSMER,8,6,2,0
Perry,SANDY HILL DISTRICT,Attorney General,,RICHARD L WEISS,5,3,2,0
Perry,SANDY HILL DISTRICT,Attorney General,,ATTORNEY GENERAL WRITE-IN,0,0,0,0
Perry,SANDY HILL DISTRICT,Attorney General,,Total,393,310,82,1
Perry,SANDY HILL DISTRICT,Auditor General,,NINA AHMAD,79,42,37,0
Perry,SANDY HILL DISTRICT,Auditor General,,TIMOTHY DEFOOR,298,255,42,1
Perry,SANDY HILL DISTRICT,Auditor General,,JENNIFER MOORE,12,10,2,0
Perry,SANDY HILL DISTRICT,Auditor General,,OLIVIA FAISON,4,3,1,0
Perry,SANDY HILL DISTRICT,Auditor General,,AUDITOR GENERAL WRITE-IN,0,0,0,0
Perry,SANDY HILL DISTRICT,Auditor General,,Total,393,310,82,1
Perry,SANDY HILL DISTRICT,State Treasurer,,JOE TORSELLA,79,42,37,0
Perry,SANDY HILL DISTRICT,State Treasurer,,STACY L GARRITY,297,255,41,1
Perry,SANDY HILL DISTRICT,State Treasurer,,JOE SOLOSKI,8,6,2,0
Perry,SANDY HILL DISTRICT,State Treasurer,,TIMOTHY RUNKLE,8,5,3,0
Perry,SANDY HILL DISTRICT,State Treasurer,,STATE TREASURER WRITE-IN,0,0,0,0
Perry,SANDY HILL DISTRICT,State Treasurer,,Total,392,308,83,1
Perry,SANDY HILL DISTRICT,Congress,12,LEE GRIFFIN,81,46,35,0
Perry,SANDY HILL DISTRICT,Congress,12,FRED KELLER,314,267,46,1
Perry,SANDY HILL DISTRICT,Congress,12,12TH CONGRESSIONAL WRITE-IN,0,0,0,0
Perry,SANDY HILL DISTRICT,Congress,12,Total,395,313,81,1
Perry,SANDY HILL DISTRICT,PA Senator,15,GEORGE SCOTT,93,54,39,0
Perry,SANDY HILL DISTRICT,PA Senator,15,JOHN DISANTO,303,259,43,1
Perry,SANDY HILL DISTRICT,PA Senator,15,15TH SENATORIAL WRITE-IN,1,0,1,0
Perry,SANDY HILL DISTRICT,PA Senator,15,Total,397,313,83,1
Perry,SANDY HILL DISTRICT,PA Rep,86,PERRY STAMBAUGH,354,293,60,1
Perry,SANDY HILL DISTRICT,PA Rep,86,86TH LEGISLATIVE WRITE-IN,13,4,9,0
Perry,SANDY HILL DISTRICT,PA Rep,86,Total,367,297,69,1
Perry,SAVILLE TOWNSHIP,President,,BIDEN/HARRIS,212,87,125,0
Perry,SAVILLE TOWNSHIP,President,,TRUMP/PENCE,1040,900,140,0
Perry,SAVILLE TOWNSHIP,President,,JORGENSEN/COHEN,13,11,2,0
Perry,SAVILLE TOWNSHIP,President,,PRESIDENT WRITE-IN,6,4,2,0
Perry,SAVILLE TOWNSHIP,President,,Total,1271,1002,269,0
Perry,SAVILLE TOWNSHIP,Attorney General,,JOSH SHAPIRO,221,109,112,0
Perry,SAVILLE TOWNSHIP,Attorney General,,HEATHER HEIDELBAUGH,998,858,140,0
Perry,SAVILLE TOWNSHIP,Attorney General,,DANIEL WASSMER,20,15,5,0
Perry,SAVILLE TOWNSHIP,Attorney General,,RICHARD L WEISS,14,9,5,0
Perry,SAVILLE TOWNSHIP,Attorney General,,ATTORNEY GENERAL WRITE-IN,1,1,0,0
Perry,SAVILLE TOWNSHIP,Attorney General,,Total,1254,992,262,0
Perry,SAVILLE TOWNSHIP,Auditor General,,NINA AHMAD,186,84,102,0
Perry,SAVILLE TOWNSHIP,Auditor General,,TIMOTHY DEFOOR,994,852,142,0
Perry,SAVILLE TOWNSHIP,Auditor General,,JENNIFER MOORE,33,28,5,0
Perry,SAVILLE TOWNSHIP,Auditor General,,OLIVIA FAISON,15,10,5,0
Perry,SAVILLE TOWNSHIP,Auditor General,,AUDITOR GENERAL WRITE-IN,1,1,0,0
Perry,SAVILLE TOWNSHIP,Auditor General,,Total,1229,975,254,0
Perry,SAVILLE TOWNSHIP,State Treasurer,,JOE TORSELLA,186,82,104,0
Perry,SAVILLE TOWNSHIP,State Treasurer,,STACY L GARRITY,1005,861,144,0
Perry,SAVILLE TOWNSHIP,State Treasurer,,JOE SOLOSKI,24,21,3,0
Perry,SAVILLE TOWNSHIP,State Treasurer,,TIMOTHY RUNKLE,17,9,8,0
Perry,SAVILLE TOWNSHIP,State Treasurer,,STATE TREASURER WRITE-IN,1,1,0,0
Perry,SAVILLE TOWNSHIP,State Treasurer,,Total,1233,974,259,0
Perry,SAVILLE TOWNSHIP,Congress,12,LEE GRIFFIN,197,86,111,0
Perry,SAVILLE TOWNSHIP,Congress,12,FRED KELLER,1042,893,149,0
Perry,SAVILLE TOWNSHIP,Congress,12,12TH CONGRESSIONAL WRITE-IN,1,1,0,0
Perry,SAVILLE TOWNSHIP,Congress,12,Total,1240,980,260,0
Perry,SAVILLE TOWNSHIP,PA Senator,15,GEORGE SCOTT,238,121,117,0
Perry,SAVILLE TOWNSHIP,PA Senator,15,JOHN DISANTO,1005,859,146,0
Perry,SAVILLE TOWNSHIP,PA Senator,15,15TH SENATORIAL WRITE-IN,2,2,0,0
Perry,SAVILLE TOWNSHIP,PA Senator,15,Total,1245,982,263,0
Perry,SAVILLE TOWNSHIP,PA Rep,86,PERRY STAMBAUGH,1135,925,210,0
Perry,SAVILLE TOWNSHIP,PA Rep,86,86TH LEGISLATIVE WRITE-IN,30,14,16,0
Perry,SAVILLE TOWNSHIP,PA Rep,86,Total,1165,939,226,0
Perry,SPRING TOWNSHIP,President,,BIDEN/HARRIS,303,131,170,2
Perry,SPRING TOWNSHIP,President,,TRUMP/PENCE,955,827,121,7
Perry,SPRING TOWNSHIP,President,,JORGENSEN/COHEN,21,15,6,0
Perry,SPRING TOWNSHIP,President,,PRESIDENT WRITE-IN,1,0,1,0
Perry,SPRING TOWNSHIP,President,,Total,1280,973,298,9
Perry,SPRING TOWNSHIP,Attorney General,,JOSH SHAPIRO,277,122,154,1
Perry,SPRING TOWNSHIP,Attorney General,,HEATHER HEIDELBAUGH,963,825,130,8
Perry,SPRING TOWNSHIP,Attorney General,,DANIEL WASSMER,19,15,4,0
Perry,SPRING TOWNSHIP,Attorney General,,RICHARD L WEISS,11,5,6,0
Perry,SPRING TOWNSHIP,Attorney General,,ATTORNEY GENERAL WRITE-IN,0,0,0,0
Perry,SPRING TOWNSHIP,Attorney General,,Total,1270,967,294,9
Perry,SPRING TOWNSHIP,Auditor General,,NINA AHMAD,242,98,143,1
Perry,SPRING TOWNSHIP,Auditor General,,TIMOTHY DEFOOR,982,839,135,8
Perry,SPRING TOWNSHIP,Auditor General,,JENNIFER MOORE,34,23,11,0
Perry,SPRING TOWNSHIP,Auditor General,,OLIVIA FAISON,9,6,3,0
Perry,SPRING TOWNSHIP,Auditor General,,AUDITOR GENERAL WRITE-IN,0,0,0,0
Perry,SPRING TOWNSHIP,Auditor General,,Total,1267,966,292,9
Perry,SPRING TOWNSHIP,State Treasurer,,JOE TORSELLA,262,110,151,1
Perry,SPRING TOWNSHIP,State Treasurer,,STACY L GARRITY,963,827,128,8
Perry,SPRING TOWNSHIP,State Treasurer,,JOE SOLOSKI,29,19,10,0
Perry,SPRING TOWNSHIP,State Treasurer,,TIMOTHY RUNKLE,14,10,4,0
Perry,SPRING TOWNSHIP,State Treasurer,,STATE TREASURER WRITE-IN,0,0,0,0
Perry,SPRING TOWNSHIP,State Treasurer,,Total,1268,966,293,9
Perry,SPRING TOWNSHIP,Congress,12,LEE GRIFFIN,256,104,151,1
Perry,SPRING TOWNSHIP,Congress,12,FRED KELLER,1009,861,140,8
Perry,SPRING TOWNSHIP,Congress,12,12TH CONGRESSIONAL WRITE-IN,5,3,2,0
Perry,SPRING TOWNSHIP,Congress,12,Total,1270,968,293,9
Perry,SPRING TOWNSHIP,PA Senator,15,GEORGE SCOTT,296,132,163,1
Perry,SPRING TOWNSHIP,PA Senator,15,JOHN DISANTO,974,837,129,8
Perry,SPRING TOWNSHIP,PA Senator,15,15TH SENATORIAL WRITE-IN,0,0,0,0
Perry,SPRING TOWNSHIP,PA Senator,15,Total,1270,969,292,9
Perry,SPRING TOWNSHIP,PA Rep,86,PERRY STAMBAUGH,1148,926,214,8
Perry,SPRING TOWNSHIP,PA Rep,86,86TH LEGISLATIVE WRITE-IN,29,5,24,0
Perry,SPRING TOWNSHIP,PA Rep,86,Total,1177,931,238,8
Perry,TOBOYNE TOWNSHIP 1ST,President,,BIDEN/HARRIS,29,21,8,0
Perry,TOBOYNE TOWNSHIP 1ST,President,,TRUMP/PENCE,137,126,9,2
Perry,TOBOYNE TOWNSHIP 1ST,President,,JORGENSEN/COHEN,4,3,1,0
Perry,TOBOYNE TOWNSHIP 1ST,President,,PRESIDENT WRITE-IN,0,0,0,0
Perry,TOBOYNE TOWNSHIP 1ST,President,,Total,170,150,18,2
Perry,TOBOYNE TOWNSHIP 1ST,Attorney General,,JOSH SHAPIRO,37,28,9,0
Perry,TOBOYNE TOWNSHIP 1ST,Attorney General,,HEATHER HEIDELBAUGH,126,116,8,2
Perry,TOBOYNE TOWNSHIP 1ST,Attorney General,,DANIEL WASSMER,2,2,0,0
Perry,TOBOYNE TOWNSHIP 1ST,Attorney General,,RICHARD L WEISS,1,0,1,0
Perry,TOBOYNE TOWNSHIP 1ST,Attorney General,,ATTORNEY GENERAL WRITE-IN,0,0,0,0
Perry,TOBOYNE TOWNSHIP 1ST,Attorney General,,Total,166,146,18,2
Perry,TOBOYNE TOWNSHIP 1ST,Auditor General,,NINA AHMAD,24,17,7,0
Perry,TOBOYNE TOWNSHIP 1ST,Auditor General,,TIMOTHY DEFOOR,133,121,10,2
Perry,TOBOYNE TOWNSHIP 1ST,Auditor General,,JENNIFER MOORE,4,4,0,0
Perry,TOBOYNE TOWNSHIP 1ST,Auditor General,,OLIVIA FAISON,2,1,1,0
Perry,TOBOYNE TOWNSHIP 1ST,Auditor General,,AUDITOR GENERAL WRITE-IN,0,0,0,0
Perry,TOBOYNE TOWNSHIP 1ST,Auditor General,,Total,163,143,18,2
Perry,TOBOYNE TOWNSHIP 1ST,State Treasurer,,JOE TORSELLA,26,17,9,0
Perry,TOBOYNE TOWNSHIP 1ST,State Treasurer,,STACY L GARRITY,129,119,8,2
Perry,TOBOYNE TOWNSHIP 1ST,State Treasurer,,JOE SOLOSKI,6,6,0,0
Perry,TOBOYNE TOWNSHIP 1ST,State Treasurer,,TIMOTHY RUNKLE,2,1,1,0
Perry,TOBOYNE TOWNSHIP 1ST,State Treasurer,,STATE TREASURER WRITE-IN,0,0,0,0
Perry,TOBOYNE TOWNSHIP 1ST,State Treasurer,,Total,163,143,18,2
Perry,TOBOYNE TOWNSHIP 1ST,Congress,12,LEE GRIFFIN,28,19,9,0
Perry,TOBOYNE TOWNSHIP 1ST,Congress,12,FRED KELLER,138,127,9,2
Perry,TOBOYNE TOWNSHIP 1ST,Congress,12,12TH CONGRESSIONAL WRITE-IN,0,0,0,0
Perry,TOBOYNE TOWNSHIP 1ST,Congress,12,Total,166,146,18,2
Perry,TOBOYNE TOWNSHIP 1ST,PA Senator,15,GEORGE SCOTT,30,20,10,0
Perry,TOBOYNE TOWNSHIP 1ST,PA Senator,15,JOHN DISANTO,135,125,8,2
Perry,TOBOYNE TOWNSHIP 1ST,PA Senator,15,15TH SENATORIAL WRITE-IN,0,0,0,0
Perry,TOBOYNE TOWNSHIP 1ST,PA Senator,15,Total,165,145,18,2
Perry,TOBOYNE TOWNSHIP 1ST,PA Rep,86,PERRY STAMBAUGH,143,127,14,2
Perry,TOBOYNE TOWNSHIP 1ST,PA Rep,86,86TH LEGISLATIVE WRITE-IN,1,1,0,0
Perry,TOBOYNE TOWNSHIP 1ST,PA Rep,86,Total,144,128,14,2
Perry,TOBOYNE TOWNSHIP 2ND,President,,BIDEN/HARRIS,4,3,1,0
Perry,TOBOYNE TOWNSHIP 2ND,President,,TRUMP/PENCE,48,42,6,0
Perry,TOBOYNE TOWNSHIP 2ND,President,,JORGENSEN/COHEN,0,0,0,0
Perry,TOBOYNE TOWNSHIP 2ND,President,,PRESIDENT WRITE-IN,0,0,0,0
Perry,TOBOYNE TOWNSHIP 2ND,President,,Total,52,45,7,0
Perry,TOBOYNE TOWNSHIP 2ND,Attorney General,,JOSH SHAPIRO,7,5,2,0
Perry,TOBOYNE TOWNSHIP 2ND,Attorney General,,HEATHER HEIDELBAUGH,42,38,4,0
Perry,TOBOYNE TOWNSHIP 2ND,Attorney General,,DANIEL WASSMER,0,0,0,0
Perry,TOBOYNE TOWNSHIP 2ND,Attorney General,,RICHARD L WEISS,0,0,0,0
Perry,TOBOYNE TOWNSHIP 2ND,Attorney General,,ATTORNEY GENERAL WRITE-IN,0,0,0,0
Perry,TOBOYNE TOWNSHIP 2ND,Attorney General,,Total,49,43,6,0
Perry,TOBOYNE TOWNSHIP 2ND,Auditor General,,NINA AHMAD,5,4,1,0
Perry,TOBOYNE TOWNSHIP 2ND,Auditor General,,TIMOTHY DEFOOR,42,38,4,0
Perry,TOBOYNE TOWNSHIP 2ND,Auditor General,,JENNIFER MOORE,2,1,1,0
Perry,TOBOYNE TOWNSHIP 2ND,Auditor General,,OLIVIA FAISON,0,0,0,0
Perry,TOBOYNE TOWNSHIP 2ND,Auditor General,,AUDITOR GENERAL WRITE-IN,0,0,0,0
Perry,TOBOYNE TOWNSHIP 2ND,Auditor General,,Total,49,43,6,0
Perry,TOBOYNE TOWNSHIP 2ND,State Treasurer,,JOE TORSELLA,4,3,1,0
Perry,TOBOYNE TOWNSHIP 2ND,State Treasurer,,STACY L GARRITY,43,39,4,0
Perry,TOBOYNE TOWNSHIP 2ND,State Treasurer,,JOE SOLOSKI,0,0,0,0
Perry,TOBOYNE TOWNSHIP 2ND,State Treasurer,,TIMOTHY RUNKLE,1,0,1,0
Perry,TOBOYNE TOWNSHIP 2ND,State Treasurer,,STATE TREASURER WRITE-IN,0,0,0,0
Perry,TOBOYNE TOWNSHIP 2ND,State Treasurer,,Total,48,42,6,0
Perry,TOBOYNE TOWNSHIP 2ND,Congress,12,LEE GRIFFIN,4,3,1,0
Perry,TOBOYNE TOWNSHIP 2ND,Congress,12,FRED KELLER,45,40,5,0
Perry,TOBOYNE TOWNSHIP 2ND,Congress,12,12TH CONGRESSIONAL WRITE-IN,0,0,0,0
Perry,TOBOYNE TOWNSHIP 2ND,Congress,12,Total,49,43,6,0
Perry,TOBOYNE TOWNSHIP 2ND,PA Senator,15,GEORGE SCOTT,7,5,2,0
Perry,TOBOYNE TOWNSHIP 2ND,PA Senator,15,JOHN DISANTO,42,38,4,0
Perry,TOBOYNE TOWNSHIP 2ND,PA Senator,15,15TH SENATORIAL WRITE-IN,0,0,0,0
Perry,TOBOYNE TOWNSHIP 2ND,PA Senator,15,Total,49,43,6,0
Perry,TOBOYNE TOWNSHIP 2ND,PA Rep,86,PERRY STAMBAUGH,44,40,4,0
Perry,TOBOYNE TOWNSHIP 2ND,PA Rep,86,86TH LEGISLATIVE WRITE-IN,0,0,0,0
Perry,TOBOYNE TOWNSHIP 2ND,PA Rep,86,Total,44,40,4,0
Perry,TUSCARORA TOWNSHIP,President,,BIDEN/HARRIS,128,49,77,2
Perry,TUSCARORA TOWNSHIP,President,,TRUMP/PENCE,545,445,84,16
Perry,TUSCARORA TOWNSHIP,President,,JORGENSEN/COHEN,18,16,2,0
Perry,TUSCARORA TOWNSHIP,President,,PRESIDENT WRITE-IN,3,0,3,0
Perry,TUSCARORA TOWNSHIP,President,,Total,694,510,166,18
Perry,TUSCARORA TOWNSHIP,Attorney General,,JOSH SHAPIRO,142,60,80,2
Perry,TUSCARORA TOWNSHIP,Attorney General,,HEATHER HEIDELBAUGH,530,428,86,16
Perry,TUSCARORA TOWNSHIP,Attorney General,,DANIEL WASSMER,11,11,0,0
Perry,TUSCARORA TOWNSHIP,Attorney General,,RICHARD L WEISS,3,2,1,0
Perry,TUSCARORA TOWNSHIP,Attorney General,,ATTORNEY GENERAL WRITE-IN,0,0,0,0
Perry,TUSCARORA TOWNSHIP,Attorney General,,Total,686,501,167,18
Perry,TUSCARORA TOWNSHIP,Auditor General,,NINA AHMAD,120,42,76,2
Perry,TUSCARORA TOWNSHIP,Auditor General,,TIMOTHY DEFOOR,534,433,85,16
Perry,TUSCARORA TOWNSHIP,Auditor General,,JENNIFER MOORE,16,14,2,0
Perry,TUSCARORA TOWNSHIP,Auditor General,,OLIVIA FAISON,6,4,2,0
Perry,TUSCARORA TOWNSHIP,Auditor General,,AUDITOR GENERAL WRITE-IN,1,1,0,0
Perry,TUSCARORA TOWNSHIP,Auditor General,,Total,677,494,165,18
Perry,TUSCARORA TOWNSHIP,State Treasurer,,JOE TORSELLA,125,46,77,2
Perry,TUSCARORA TOWNSHIP,State Treasurer,,STACY L GARRITY,538,435,87,16
Perry,TUSCARORA TOWNSHIP,State Treasurer,,JOE SOLOSKI,13,11,2,0
Perry,TUSCARORA TOWNSHIP,State Treasurer,,TIMOTHY RUNKLE,6,5,1,0
Perry,TUSCARORA TOWNSHIP,State Treasurer,,STATE TREASURER WRITE-IN,0,0,0,0
Perry,TUSCARORA TOWNSHIP,State Treasurer,,Total,682,497,167,18
Perry,TUSCARORA TOWNSHIP,Congress,12,LEE GRIFFIN,111,41,68,2
Perry,TUSCARORA TOWNSHIP,Congress,12,FRED KELLER,572,458,98,16
Perry,TUSCARORA TOWNSHIP,Congress,12,12TH CONGRESSIONAL WRITE-IN,2,2,0,0
Perry,TUSCARORA TOWNSHIP,Congress,12,Total,685,501,166,18
Perry,TUSCARORA TOWNSHIP,PA Senator,15,GEORGE SCOTT,136,53,81,2
Perry,TUSCARORA TOWNSHIP,PA Senator,15,JOHN DISANTO,551,448,87,16
Perry,TUSCARORA TOWNSHIP,PA Senator,15,15TH SENATORIAL WRITE-IN,1,1,0,0
Perry,TUSCARORA TOWNSHIP,PA Senator,15,Total,688,502,168,18
Perry,TUSCARORA TOWNSHIP,PA Rep,86,PERRY STAMBAUGH,613,476,120,17
Perry,TUSCARORA TOWNSHIP,PA Rep,86,86TH LEGISLATIVE WRITE-IN,19,6,13,0
Perry,TUSCARORA TOWNSHIP,PA Rep,86,Total,632,482,133,17
Perry,TYRONE TOWNSHIP,President,,BIDEN/HARRIS,187,88,96,3
Perry,TYRONE TOWNSHIP,President,,TRUMP/PENCE,693,624,68,1
Perry,TYRONE TOWNSHIP,President,,JORGENSEN/COHEN,18,13,5,0
Perry,TYRONE TOWNSHIP,President,,PRESIDENT WRITE-IN,4,1,3,0
Perry,TYRONE TOWNSHIP,President,,Total,902,726,172,4
Perry,TYRONE TOWNSHIP,Attorney General,,JOSH SHAPIRO,209,113,93,3
Perry,TYRONE TOWNSHIP,Attorney General,,HEATHER HEIDELBAUGH,656,589,66,1
Perry,TYRONE TOWNSHIP,Attorney General,,DANIEL WASSMER,19,14,5,0
Perry,TYRONE TOWNSHIP,Attorney General,,RICHARD L WEISS,3,1,2,0
Perry,TYRONE TOWNSHIP,Attorney General,,ATTORNEY GENERAL WRITE-IN,0,0,0,0
Perry,TYRONE TOWNSHIP,Attorney General,,Total,887,717,166,4
Perry,TYRONE TOWNSHIP,Auditor General,,NINA AHMAD,165,73,90,2
Perry,TYRONE TOWNSHIP,Auditor General,,TIMOTHY DEFOOR,673,602,69,2
Perry,TYRONE TOWNSHIP,Auditor General,,JENNIFER MOORE,33,26,7,0
Perry,TYRONE TOWNSHIP,Auditor General,,OLIVIA FAISON,6,6,0,0
Perry,TYRONE TOWNSHIP,Auditor General,,AUDITOR GENERAL WRITE-IN,0,0,0,0
Perry,TYRONE TOWNSHIP,Auditor General,,Total,877,707,166,4
Perry,TYRONE TOWNSHIP,State Treasurer,,JOE TORSELLA,195,99,93,3
Perry,TYRONE TOWNSHIP,State Treasurer,,STACY L GARRITY,657,590,66,1
Perry,TYRONE TOWNSHIP,State Treasurer,,JOE SOLOSKI,21,17,4,0
Perry,TYRONE TOWNSHIP,State Treasurer,,TIMOTHY RUNKLE,11,6,5,0
Perry,TYRONE TOWNSHIP,State Treasurer,,STATE TREASURER WRITE-IN,0,0,0,0
Perry,TYRONE TOWNSHIP,State Treasurer,,Total,884,712,168,4
Perry,TYRONE TOWNSHIP,Congress,12,LEE GRIFFIN,172,80,90,2
Perry,TYRONE TOWNSHIP,Congress,12,FRED KELLER,710,630,78,2
Perry,TYRONE TOWNSHIP,Congress,12,12TH CONGRESSIONAL WRITE-IN,0,0,0,0
Perry,TYRONE TOWNSHIP,Congress,12,Total,882,710,168,4
Perry,TYRONE TOWNSHIP,PA Senator,15,GEORGE SCOTT,195,105,87,3
Perry,TYRONE TOWNSHIP,PA Senator,15,JOHN DISANTO,689,609,79,1
Perry,TYRONE TOWNSHIP,PA Senator,15,15TH SENATORIAL WRITE-IN,0,0,0,0
Perry,TYRONE TOWNSHIP,PA Senator,15,Total,884,714,166,4
Perry,TYRONE TOWNSHIP,PA Rep,86,PERRY STAMBAUGH,811,674,135,2
Perry,TYRONE TOWNSHIP,PA Rep,86,86TH LEGISLATIVE WRITE-IN,22,11,10,1
Perry,TYRONE TOWNSHIP,PA Rep,86,Total,833,685,145,3
Perry,WATTS TOWNSHIP,President,,BIDEN/HARRIS,163,80,83,0
Perry,WATTS TOWNSHIP,President,,TRUMP/PENCE,585,527,56,2
Perry,WATTS TOWNSHIP,President,,JORGENSEN/COHEN,9,8,1,0
Perry,WATTS TOWNSHIP,President,,PRESIDENT WRITE-IN,3,3,0,0
Perry,WATTS TOWNSHIP,President,,Total,760,618,140,2
Perry,WATTS TOWNSHIP,Attorney General,,JOSH SHAPIRO,171,89,82,0
Perry,WATTS TOWNSHIP,Attorney General,,HEATHER HEIDELBAUGH,564,509,53,2
Perry,WATTS TOWNSHIP,Attorney General,,DANIEL WASSMER,9,7,2,0
Perry,WATTS TOWNSHIP,Attorney General,,RICHARD L WEISS,6,4,2,0
Perry,WATTS TOWNSHIP,Attorney General,,ATTORNEY GENERAL WRITE-IN,0,0,0,0
Perry,WATTS TOWNSHIP,Attorney General,,Total,750,609,139,2
Perry,WATTS TOWNSHIP,Auditor General,,NINA AHMAD,137,71,66,0
Perry,WATTS TOWNSHIP,Auditor General,,TIMOTHY DEFOOR,580,519,59,2
Perry,WATTS TOWNSHIP,Auditor General,,JENNIFER MOORE,20,16,4,0
Perry,WATTS TOWNSHIP,Auditor General,,OLIVIA FAISON,10,3,7,0
Perry,WATTS TOWNSHIP,Auditor General,,AUDITOR GENERAL WRITE-IN,0,0,0,0
Perry,WATTS TOWNSHIP,Auditor General,,Total,747,609,136,2
Perry,WATTS TOWNSHIP,State Treasurer,,JOE TORSELLA,151,77,74,0
Perry,WATTS TOWNSHIP,State Treasurer,,STACY L GARRITY,570,512,56,2
Perry,WATTS TOWNSHIP,State Treasurer,,JOE SOLOSKI,17,14,3,0
Perry,WATTS TOWNSHIP,State Treasurer,,TIMOTHY RUNKLE,9,6,3,0
Perry,WATTS TOWNSHIP,State Treasurer,,STATE TREASURER WRITE-IN,0,0,0,0
Perry,WATTS TOWNSHIP,State Treasurer,,Total,747,609,136,2
Perry,WATTS TOWNSHIP,Congress,12,LEE GRIFFIN,144,75,69,0
Perry,WATTS TOWNSHIP,Congress,12,FRED KELLER,608,535,71,2
Perry,WATTS TOWNSHIP,Congress,12,12TH CONGRESSIONAL WRITE-IN,0,0,0,0
Perry,WATTS TOWNSHIP,Congress,12,Total,752,610,140,2
Perry,WATTS TOWNSHIP,PA Senator,15,GEORGE SCOTT,164,92,72,0
Perry,WATTS TOWNSHIP,PA Senator,15,JOHN DISANTO,589,520,67,2
Perry,WATTS TOWNSHIP,PA Senator,15,15TH SENATORIAL WRITE-IN,0,0,0,0
Perry,WATTS TOWNSHIP,PA Senator,15,Total,753,612,139,2
Perry,WATTS TOWNSHIP,PA Rep,86,PERRY STAMBAUGH,661,561,98,2
Perry,WATTS TOWNSHIP,PA Rep,86,86TH LEGISLATIVE WRITE-IN,15,8,7,0
Perry,WATTS TOWNSHIP,PA Rep,86,Total,676,569,105,2
Perry,WHEATFIELD TOWNSHIP,President,,BIDEN/HARRIS,387,125,261,1
Perry,WHEATFIELD TOWNSHIP,President,,TRUMP/PENCE,1484,1188,285,11
Perry,WHEATFIELD TOWNSHIP,President,,JORGENSEN/COHEN,21,14,7,0
Perry,WHEATFIELD TOWNSHIP,President,,PRESIDENT WRITE-IN,3,1,2,0
Perry,WHEATFIELD TOWNSHIP,President,,Total,1895,1328,555,12
Perry,WHEATFIELD TOWNSHIP,Attorney General,,JOSH SHAPIRO,399,141,257,1
Perry,WHEATFIELD TOWNSHIP,Attorney General,,HEATHER HEIDELBAUGH,1433,1151,271,11
Perry,WHEATFIELD TOWNSHIP,Attorney General,,DANIEL WASSMER,35,21,14,0
Perry,WHEATFIELD TOWNSHIP,Attorney General,,RICHARD L WEISS,11,6,5,0
Perry,WHEATFIELD TOWNSHIP,Attorney General,,ATTORNEY GENERAL WRITE-IN,1,1,0,0
Perry,WHEATFIELD TOWNSHIP,Attorney General,,Total,1879,1320,547,12
Perry,WHEATFIELD TOWNSHIP,Auditor General,,NINA AHMAD,332,107,223,2
Perry,WHEATFIELD TOWNSHIP,Auditor General,,TIMOTHY DEFOOR,1473,1168,295,10
Perry,WHEATFIELD TOWNSHIP,Auditor General,,JENNIFER MOORE,53,37,16,0
Perry,WHEATFIELD TOWNSHIP,Auditor General,,OLIVIA FAISON,13,5,8,0
Perry,WHEATFIELD TOWNSHIP,Auditor General,,AUDITOR GENERAL WRITE-IN,1,0,1,0
Perry,WHEATFIELD TOWNSHIP,Auditor General,,Total,1872,1317,543,12
Perry,WHEATFIELD TOWNSHIP,State Treasurer,,JOE TORSELLA,340,106,233,1
Perry,WHEATFIELD TOWNSHIP,State Treasurer,,STACY L GARRITY,1472,1177,285,10
Perry,WHEATFIELD TOWNSHIP,State Treasurer,,JOE SOLOSKI,41,25,15,1
Perry,WHEATFIELD TOWNSHIP,State Treasurer,,TIMOTHY RUNKLE,18,12,6,0
Perry,WHEATFIELD TOWNSHIP,State Treasurer,,STATE TREASURER WRITE-IN,0,0,0,0
Perry,WHEATFIELD TOWNSHIP,State Treasurer,,Total,1871,1320,539,12
Perry,WHEATFIELD TOWNSHIP,Congress,12,LEE GRIFFIN,352,111,240,1
Perry,WHEATFIELD TOWNSHIP,Congress,12,FRED KELLER,1525,1208,306,11
Perry,WHEATFIELD TOWNSHIP,Congress,12,12TH CONGRESSIONAL WRITE-IN,1,1,0,0
Perry,WHEATFIELD TOWNSHIP,Congress,12,Total,1878,1320,546,12
Perry,WHEATFIELD TOWNSHIP,PA Senator,15,GEORGE SCOTT,395,144,250,1
Perry,WHEATFIELD TOWNSHIP,PA Senator,15,JOHN DISANTO,1479,1174,294,11
Perry,WHEATFIELD TOWNSHIP,PA Senator,15,15TH SENATORIAL WRITE-IN,2,2,0,0
Perry,WHEATFIELD TOWNSHIP,PA Senator,15,Total,1876,1320,544,12
Perry,WHEATFIELD TOWNSHIP,PA Rep,86,PERRY STAMBAUGH,1654,1240,403,11
Perry,WHEATFIELD TOWNSHIP,PA Rep,86,86TH LEGISLATIVE WRITE-IN,45,11,34,0
Perry,WHEATFIELD TOWNSHIP,PA Rep,86,Total,1699,1251,437,11
